moviename,openingdate,sales,attendance,screen,playcount,country,distributor,director,genre,actor,filmrank
극한직업,2019-01-23,139651845516,16265618,2003,292584,0,0,데이빗 예이츠,8,3,0
명량,2014-07-30,135748398910,17613682,1587,188611,0,0,벤 스타센,6,3,0
어벤져스: 엔드게임,2019-04-24,122182694160,13934592,2835,242001,1,0,민규동,11,3,2
베테랑,2015-08-05,105168155250,13414009,1115,199231,0,0,김정훈,11,2,3
신과함께-인과 연,2018-08-01,102666146909,12274996,2235,179981,0,0,정범식,14,3,2
어벤져스: 인피니티 워,2018-04-25,99926399769,11212710,2553,240501,1,0,원신연,5,3,2
암살,2015-07-22,98463132781,12705700,1519,175185,0,0,한준희,5,3,2
택시운전사,2017-08-02,95853645649,12186327,1906,184075,0,0,부지영,4,3,1
도둑들,2012-07-25,93664808500,12983178,1091,155392,0,0,김태윤,4,3,1
부산행,2016-07-20,93178283048,11565479,1788,151315,0,0,장유정,11,2,1
7번방의 선물,2013-01-23,91431914670,12811206,866,166815,0,0,라인하드 클루스,6,2,0
"광해, 왕이 된 남자",2012-09-13,88899448769,12319390,1001,203400,0,0,이호재,4,3,1
어벤져스: 에이지 오브 울트론,2015-04-23,88582586366,10494499,1843,191778,1,0,올리비에 메가턴,2,3,2
겨울왕국,2014-01-16,82461504400,10296101,1010,157683,1,0,존 무어,2,3,2
아바타,2009-12-17,81455728000,8151952,714,111860,1,1,로브 라이너,11,2,1
인터스텔라,2014-11-06,80671424300,10105247,1410,166218,1,0,요아킴 뢰닝,3,3,1
엑시트,2019-07-31,79232012162,9426011,1660,202223,0,0,데이빗 레이치,7,3,1
검사외전,2016-02-03,77320403264,9707581,1812,153532,0,0,조철현,4,3,0
트랜스포머 3,2011-06-29,74840681500,7784743,1409,124450,1,0,권형진,12,3,3
캡틴 아메리카: 시빌 워,2016-04-27,72672111827,8677249,1991,161696,1,0,박상현,4,3,2
아이언맨 3,2013-04-25,70806364000,9001331,1389,163584,1,0,박철관,0,3,2
국제시장,2014-12-17,69841376134,8915904,1044,149061,0,0,정근섭,12,3,2
스파이더맨: 파 프롬 홈,2019-07-02,69010000100,8021145,2142,180474,1,1,앤디 서키스,2,2,2
설국열차,2013-08-01,67010087500,9349993,1128,124823,0,0,김지영,1,1,2
해적: 바다로 간 산적,2014-08-06,66370682706,8666046,910,133350,0,0,리들리 스콧,7,2,2
관상,2013-09-11,66005427500,9134581,1240,125073,0,0,후안 안토니오 바요나,4,3,1
공조,2017-01-18,63783051326,7817618,1392,142989,0,0,바박 나자피,2,3,2
수상한 그녀,2014-01-22,62705348249,8657982,1027,136975,0,0,이창희,12,3,2
밀정,2016-09-07,61269783831,7500420,1444,138161,0,0,프란시스 로렌스,3,3,2
어벤져스,2012-04-26,59557853478,7074867,967,109697,1,0,정승구,0,3,2
스파이더맨: 홈 커밍,2017-07-05,59125813820,7258678,1965,164448,1,1,김현호,6,3,0
터널,2016-08-10,57529484417,7120508,1105,113201,0,0,제임스 맨골드,7,1,2
내부자들,2015-11-19,56465665657,7055332,1129,152265,0,0,데이빗 슬레이드,3,3,1
럭키,2016-10-13,56444461256,6975290,1234,155977,0,0,강우석,4,2,0
범죄도시,2017-10-03,56318014149,6879841,1315,149334,0,1,댄 스캔론,6,3,0
미션 임파서블: 폴아웃,2018-07-25,55888375112,6584915,1957,101374,1,0,필립 노이스,2,1,2
곡성,2016-05-12,55863520382,6879908,1485,130322,0,1,레이첼 골덴버그,5,2,1
최종병기 활,2011-08-10,55827861500,7470633,615,130054,0,0,브래드 버드,8,3,1
인천상륙작전,2016-07-27,55101410303,7049643,1049,97019,0,0,이정호,12,2,3
써니,2011-05-04,54035565100,7362657,546,149135,0,0,유야마 쿠니히코,6,1,0
베를린,2013-01-30,52355568637,7166290,894,111744,0,0,헤 질리,6,3,0
캡틴 마블,2019-03-06,51507488723,5802810,2100,186382,1,0,박정우,4,3,1
군함도,2017-07-26,50510565168,6592151,2027,108775,0,0,권칠인,4,3,3
킹스맨 : 시크릿 에이전트,2015-02-11,50369009795,6129681,728,139988,1,1,강대규,4,3,1
쥬라기 월드: 폴른 킹덤,2018-06-06,49770711037,5661128,1972,144779,1,0,조근현,2,3,2
사도,2015-09-16,48842902501,6246849,1210,124246,0,0,박진표,11,3,2
은밀하게 위대하게,2013-06-05,48700887413,6959083,1341,117461,0,0,애스게르 레스,12,3,2
미션 임파서블: 로그네이션,2015-07-30,48547353607,6126488,1202,89682,1,0,오성윤,6,3,0
쥬라기 월드,2015-06-11,47800698826,5546792,1290,118959,1,0,잭 스나이더,2,3,1
다크 나이트 라이즈,2012-07-19,47644838000,6396528,1210,81254,1,0,프랭키 첸,11,2,1
닥터 스트레인지,2016-10-26,47481830396,5446239,1503,162856,1,0,우민호,12,3,3
앤트맨과 와스프,2018-07-04,47468053685,5448134,1775,148244,1,0,류승완,5,3,3
신과함께-죄와 벌,2017-12-20,47355583705,5872007,1644,121961,0,0,폴 그린그래스,2,3,2
아저씨,2010-08-04,47101332000,6178248,501,109853,0,0,카란 조하르,4,2,1
늑대소년,2012-10-31,46590107000,6654390,854,109069,0,0,데이빗 핀처,12,2,3
안시성,2018-09-19,46335334026,5440186,1540,110439,0,0,정지영,5,2,1
블랙 팬서,2018-02-14,45885123957,5399227,1620,119170,1,0,김형주,5,3,2
연평해전,2015-06-24,45563228330,6043784,1013,114450,0,0,양우석,4,3,2
조커,2019-10-02,45381075450,5247874,1418,147380,1,0,연상호,2,2,2
덕혜옹주,2016-08-03,44393828109,5599229,964,97312,0,0,라자 고스넬,6,3,0
청년경찰,2017-08-09,44381150516,5653270,1102,118544,0,0,김현호,6,3,0
완벽한 타인,2018-10-31,44350807074,5293435,1325,143055,0,0,데이빗 예이츠,8,3,1
쿵푸팬더 2,2011-05-26,44298708500,5062720,948,101338,1,0,조 존스톤,14,3,3
트랜스포머: 사라진 시대,2014-06-25,44012752845,5295836,1602,107875,1,0,장항준,9,2,2
더 킹,2017-01-18,43488814535,5317693,1310,107983,0,0,조쉬 분,4,3,1
독전,2018-05-22,43485551113,5063684,1532,140007,0,0,앤드류 스탠튼,6,3,0
1987,2017-12-27,42915772108,5290310,1122,110607,0,0,이장훈,11,2,1
공작,2018-08-08,42788851176,4974520,1317,99001,0,0,루퍼트 와이어트,2,3,1
검은 사제들,2015-11-05,42405282092,5442128,1109,131155,0,0,이창재,1,1,1
변호인,2013-12-18,41918383800,5687571,925,97261,0,0,빌 콘돈,4,2,2
라이온 킹,2019-07-17,41519457430,4743264,1936,126496,1,0,조지 밀러,2,3,2
남산의 부장들,2020-01-22,41225216650,4750345,1659,140051,0,0,이병헌,0,3,2
어메이징 스파이더맨,2012-06-28,41163951235,4853123,1118,92755,1,1,패티 젠킨스,2,3,1
킹스맨: 골든 서클,2017-09-27,40987484736,4945484,1687,95922,1,1,유선동,14,3,2
봉오동 전투,2019-08-07,40588648538,4787538,1476,107030,0,0,김태균,5,2,2
의형제,2010-02-04,40153729000,5416812,569,118243,0,0,피에르 모렐,2,2,3
더 테러 라이브,2013-07-31,39869706381,5584139,809,93488,0,0,김기덕,4,2,3
마스터,2016-12-21,39784641065,4935320,1501,70786,0,0,테아 샤록,11,2,1
마션,2015-10-08,39663145295,4880800,1132,114183,1,0,마이크 뉴웰,2,3,1
나쁜 녀석들: 더 무비,2019-09-11,39560195124,4573902,1511,113938,0,0,존 파브로,7,3,1
히말라야,2015-12-16,39469775448,5129409,1095,81042,0,0,폴 앤더슨,2,1,3
감시자들,2013-07-03,39380162179,5508017,949,100309,0,0,장이머우,2,3,1
신비한 동물사전,2016-11-16,39300515858,4662534,1431,115676,1,0,사이먼 킨버그,2,3,1
토르: 라그나로크,2017-10-25,39227691395,4853778,1640,137423,1,0,조 카나한,2,3,2
엣지 오브 투모로우,2014-06-04,38732961201,4699307,801,94559,1,0,바즈 루어만,4,3,2
다만 악에서 구하소서,2020-08-05,38602260990,4357803,1998,193842,0,0,정세교,1,3,1
월드 워 Z,2013-06-20,38555356000,5237525,964,100823,1,0,트리시 시에,4,3,1
완득이,2011-10-20,38526161500,5309928,629,117763,0,0,니키 카로,8,1,1
인사이드 아웃,2015-07-09,38024694936,4969735,931,84000,1,0,한동욱,4,2,2
주토피아,2016-02-17,37096057742,4706158,735,131005,1,0,요네바야시 히로마사,6,3,0
군도: 민란의 시대,2014-07-23,36988022499,4774931,1394,67237,0,0,게리 쇼어,3,3,2
범죄와의 전쟁: 나쁜놈들 전성시대,2012-02-02,36538823500,4719872,713,91889,0,0,박제현,0,3,1
조선명탐정 : 각시투구꽃의 비밀,2011-01-27,35841769500,4786259,634,84189,0,0,폴 페이그,11,2,1
도가니,2011-09-22,35566854800,4662822,756,88337,0,0,스티븐 스필버그,4,3,1
아가씨,2016-06-01,35211229991,4287839,1171,90365,0,0,알렉스 프로야스,8,3,1
신세계,2013-02-21,34881330905,4682492,671,90580,0,0,팀 버튼,11,3,2
어메이징 스파이더맨 2,2014-04-23,34869101800,4168353,1312,91715,1,0,홍창표,0,2,1
엑스맨: 데이즈 오브 퓨처 패스트,2014-05-22,34654558766,4313871,1056,82722,1,1,박인제,4,3,2
바람과 함께 사라지다,2012-08-08,34614661161,4909937,694,78591,0,0,양우석,4,3,2
해리포터와 죽음의 성물2,2011-07-13,34507600000,4400270,757,70380,1,0,다니엘 시아,0,3,1
데드풀 2,2018-05-16,34185664639,3784602,1576,113288,1,1,이한,4,2,1
베놈,2018-10-03,34100211207,3888096,1308,116149,1,1,최원섭,0,3,2
판도라,2016-12-07,33955398164,4313864,1184,90758,0,0,안톤 후쿠아,2,3,2
반도,2020-07-15,33072531280,3812250,2575,199048,0,0,안소니 루소,2,3,1
암수살인,2018-10-03,32995138548,3789321,1177,126127,0,0,윤여창,2,3,3
매드 맥스: 분노의 도로,2015-05-14,32912842162,3843343,799,98824,1,0,브래드 페이튼,2,3,1
아이언맨 2,2010-04-29,32635195500,4425003,921,87665,1,0,정세교,0,2,1
타짜-신의 손,2014-09-03,32373120927,4015361,890,80584,0,0,드자닉 파이지예브,2,3,1
분노의 질주: 홉스&쇼,2019-08-14,32241767793,3657536,1311,94896,1,0,데이빗 레이치,2,3,1
연가시,2012-07-05,32175400664,4515833,759,71928,0,0,김달중,4,3,1
캡틴 아메리카: 윈터 솔져,2014-03-26,31711040385,3963251,1106,110109,1,0,용수,0,2,2
혹성탈출: 반격의 서막,2014-07-10,31514053095,4002560,956,72881,1,1,허정,9,2,2
쿵푸팬더3,2016-01-28,31340798156,3984812,1365,97404,1,0,조나단 리브스만,2,3,1
꾼,2017-11-22,31312029795,4018035,1314,117398,0,0,에드워드 즈윅,2,2,2
남한산성,2017-10-03,31225083792,3849087,1229,71101,0,0,데이비드 F. 샌드버그,2,2,1
그래비티,2013-10-17,31214018600,3194693,636,80584,1,0,애덤 로비텔,14,3,2
국가부도의 날,2018-11-28,30845862137,3747952,1180,100804,0,0,스티븐 S. 드나이트,2,2,2
미이라,2017-06-06,30504689978,3689325,1257,105228,1,0,이현승,4,2,2
조선명탐정 : 사라진 놉의 딸,2015-02-11,30456879428,3872015,825,80499,0,0,존 추,2,3,2
82년생 김지영,2019-10-23,30298542310,3678156,1486,145441,0,0,강형철,4,3,3
건축학개론,2012-03-22,30222696000,4111068,593,106067,0,0,크리스토퍼 랜던,14,3,2
댄싱퀸,2012-01-18,30130775500,4058225,544,80987,0,0,베티 토마스,6,3,0
분노의 질주: 더 익스트림,2017-04-12,29981156348,3653238,1469,113241,1,0,폴 앤더슨,3,3,1
역린,2014-04-30,29894266890,3849552,1054,83296,0,0,강형철,4,3,1
너의 이름은.,2017-01-04,29251793156,3637608,947,82978,1,1,롭 레터맨,2,2,0
악인전,2019-05-15,29133760150,3364712,1307,97351,0,1,맷 리브스,2,3,1
돈,2019-03-20,28870244062,3389125,1431,120809,0,0,조 루소,2,3,2
신의 한 수,2014-07-03,28812027456,3566852,794,77109,0,0,폴 앤더슨,2,3,2
토이 스토리 4,2019-06-20,28758452040,3400034,1336,85875,1,0,박정우,4,3,2
인턴,2015-09-24,28517727148,3610564,659,81552,1,0,소유붕,4,3,1
박수건달,2013-01-09,28343986569,3893216,603,60585,0,0,김병우,2,2,2
코코,2018-01-11,27685479440,3510017,1177,85925,1,0,김정훈,0,2,2
데드풀,2016-02-17,27595618651,3317196,1036,82521,1,0,변성현,5,2,3
그것만이 내 세상,2018-01-17,27450805382,3419339,956,95431,0,0,정병길,2,2,3
맨 인 블랙 3,2012-05-24,27301520070,3379762,770,69538,1,1,김성호,14,3,2
캐리비안의 해적: 낯선 조류,2011-05-19,27279967500,3130046,960,67036,1,1,김성호,4,3,0
귀향,2016-02-24,27249738990,3587173,876,90286,0,1,송일곤,11,2,2
비긴 어게인,2014-08-13,27098834504,3427524,525,82684,1,1,정지우,11,2,1
드래곤 길들이기,2010-05-20,27040606000,2562412,563,57264,1,0,이해영,9,3,2
끝까지 간다,2014-05-29,27007303900,3450305,645,84875,0,0,이준익,4,3,2
탐정: 리턴즈,2018-06-13,26909459678,3152872,1137,107907,0,0,황인호,11,2,1
리얼 스틸,2011-10-12,26566677000,3579666,603,87650,1,1,해럴드 즈워트,2,2,1
터미네이터 제니시스,2015-07-02,26556715129,3240370,1113,77590,1,0,샘 멘데스,2,3,2
분노의 질주: 더 세븐,2015-04-01,26454098694,3247955,983,93612,1,0,리 언크리치,6,3,0
전우치,2009-12-23,26345113000,3611472,556,73175,0,0,클린트 이스트우드,2,3,3
부러진 화살,2012-01-18,25878629500,3451025,530,71560,0,0,이윤정,11,2,2
아이 캔 스피크,2017-09-21,25526451186,3279296,1140,93012,0,0,짐 위노스키,14,3,2
이끼,2010-07-14,25437300500,3350303,740,58198,0,0,릭 로먼 워,2,2,1
서치,2018-08-29,25283364845,2949944,1097,95758,1,1,배종,2,3,2
나우 유 씨 미 2,2016-07-13,25116690113,3100113,1200,56981,1,0,정준기,18,3,2
캐리비안의 해적: 죽은 자는 말이 없다,2017-05-24,24975495122,3049894,1357,85225,1,0,론 하워드,9,3,2
가장 보통의 연애,2019-10-02,24885803430,2924563,1073,111527,0,0,여인영,6,3,0
인크레더블 2,2018-07-18,24554683588,3033052,1605,70934,1,0,팀 밀러,7,3,2
엑스맨: 아포칼립스,2016-05-25,24467887950,2938818,1262,66471,1,1,토미 위르콜라,2,3,2
슈퍼배드 3,2017-07-26,24217091019,3324874,1057,59388,1,0,카를로스 살다나,6,3,0
스타워즈: 깨어난 포스,2015-12-17,24149478540,2803234,940,56425,1,0,김지운,5,2,3
드래곤 길들이기 2,2014-07-23,23979935189,3000056,829,51924,1,0,저스틴 린,2,3,1
포화속으로,2010-06-16,23831958600,3330324,742,80091,0,0,닐 마샬,2,2,3
프리즌,2017-03-23,23790276987,2931897,1047,89024,0,0,김곡,14,3,2
말모이,2019-01-09,23685091520,2812877,1203,87591,0,0,장창원,5,3,2
너의 결혼식,2018-08-22,23676244369,2820969,970,98193,0,1,장재현,9,3,2
스물,2015-03-25,23563421686,3044811,926,100161,0,0,패트릭 휴즈,2,3,2
앤트맨,2015-09-03,23529209937,2841795,949,74649,1,0,이종필,4,3,1
형,2016-11-23,23113768293,2979659,993,83518,0,0,진모영,1,2,0
타워,2012-12-25,22996601500,3166425,638,58869,0,0,김동욱,0,6,2
퀵,2011-07-20,22960890000,3125069,514,60714,0,0,딘 이스라엘리트,7,3,2
토르: 다크 월드,2013-10-30,22525808500,3039889,733,78095,1,0,M. 나이트 샤말란,4,3,2
방자전,2010-06-02,22490024000,2985483,495,67562,0,0,후메이,2,3,1
극비수사,2015-06-18,22389535897,2860786,894,66211,0,0,조던 복트-로버츠,2,3,1
표적,2014-04-30,22256769300,2841828,716,72255,0,0,네이슨 그레노,6,2,0
빅 히어로,2015-01-21,21993119765,2801949,825,62229,1,0,필 존스턴,6,3,0
고지전,2011-07-20,21968557600,2945137,585,53738,0,0,닉힐 아드바니,6,3,0
미스 페레그린과 이상한 아이들의 집,2016-09-28,21841214586,2718158,904,70451,1,1,연상호,0,2,2
타이탄,2010-04-01,21796996500,2642483,694,87911,1,0,고어 버빈스키,2,3,2
친구 2,2013-11-14,21795237513,2969900,968,69856,0,0,게리 위닉,11,3,1
감기,2013-08-14,21774884000,3117859,806,55046,0,1,로버트 저메키스,12,3,2
목격자,2018-08-15,21737061097,2524720,1021,71403,0,0,김석윤,8,3,1
호빗: 뜻밖의 여정,2012-12-13,21724069066,2605124,1028,44977,1,0,가이 리치,2,2,1
하모니,2010-01-28,21641750000,3018131,384,77723,0,0,팀 버튼,17,3,0
메이즈 러너: 스코치 트라이얼,2015-09-16,21596946349,2744413,804,58725,1,1,M. 나이트 샤말란,3,3,0
정글북,2016-06-09,21517647134,2537438,924,59041,1,0,마틴 스콜세지,4,2,2
레드: 더 레전드,2013-07-18,21511371970,3004649,739,55733,1,0,손재곤,0,2,2
트랜스포머: 최후의 기사,2017-06-21,21501959228,2614601,1739,87234,1,0,월리 피스터,2,3,1
메이즈 러너,2014-09-18,21489367677,2812427,655,71048,1,1,손재곤,0,3,1
곤지암,2018-03-28,21442194144,2675575,1124,88477,0,0,스티븐 스필버그,2,3,1
살인자의 기억법,2017-09-06,21375287492,2658589,1064,88686,0,0,김종현,4,3,1
솔트,2010-07-29,21360288000,2869938,556,53679,1,1,시즈노 코분,6,2,1
제이슨 본,2016-07-27,21253434663,2611966,827,39806,1,0,F. 게리 그레이,2,2,1
26년,2012-11-29,21111878145,2940475,611,50044,0,1,릴리 워쇼스키,7,3,3
부당거래,2010-10-28,20996302500,2722996,502,69703,0,0,티무르 베크맘베토브,2,3,3
블랙머니,2019-11-13,20863134010,2478964,1141,77469,0,1,알폰소 쿠아론,7,2,1
보안관,2017-05-03,20844488409,2588628,1091,63709,0,0,모튼 틸덤,8,3,1
신비한 동물들과 그린델왈드의 범죄,2018-11-14,20816583118,2414062,1601,76846,1,0,래드 리,4,3,2
지금 만나러 갑니다,2018-03-14,20800916128,2602273,1191,97482,0,0,김현석,11,3,1
도리를 찾아서,2016-07-06,20703899933,2601734,1091,55110,1,0,토니 길로이,2,3,2
혹성탈출: 진화의 시작,2011-08-17,20629757000,2773794,514,61229,1,1,오키우라 히로유키,6,2,0
히트맨,2020-01-22,20614278000,2406232,1122,87782,0,0,류승완,2,3,2
아수라,2016-09-28,20576226662,2594028,1278,68040,0,0,하정우,4,2,1
증인,2019-02-13,20482789331,2534748,1047,89564,0,0,황동혁,4,3,2
퍼시픽 림,2013-07-11,20477374512,2539113,1005,55655,1,0,브래들리 쿠퍼,4,2,2
탐정 : 더 비기닝,2015-09-24,20463956973,2625686,764,54995,0,0,아칸 사타예브,2,2,2
내가 살인범이다,2012-11-08,20392266000,2729798,547,58409,0,0,조셉 코신스키,2,3,4
이상한 나라의 앨리스,2010-03-04,20334399500,2147012,397,58393,1,1,라나 워쇼스키,7,3,1
오싹한 연애,2011-12-01,20289813500,2777998,544,54630,0,0,님로드 앤탈,7,2,2
터미네이터: 다크 페이트,2019-10-30,20153895830,2409062,1315,81336,1,0,최국희,4,3,1
조작된 도시,2017-02-09,20143992587,2515501,1019,62241,0,0,김용훈,5,3,3
사바하,2019-02-20,20007508194,2398519,1174,78096,0,0,저스틴 프라이스,2,2,1
레디 플레이어 원,2018-03-28,19933108071,2254430,1079,77173,1,0,크리스 리노드,6,3,0
시라노; 연애조작단,2010-09-16,19838369000,2684783,415,77736,0,0,장진,15,3,3
조선명탐정: 흡혈괴마의 비밀,2018-02-08,19822789764,2444136,1249,74953,0,0,권오광,5,3,3
타짜: 원 아이드 잭,2019-09-11,19687029214,2229239,1429,66479,0,0,김석윤,0,3,1
레미제라블,2012-12-19,19635813500,2707479,592,49348,1,0,시즈노 코분,6,2,0
맘마미아!2,2018-08-08,19607520003,2293884,750,59060,1,0,브래드 버드,2,2,2
미션임파서블:고스트프로토콜,2011-12-15,19536876000,2533735,697,53514,1,0,시즈노 코분,6,3,1
마이펫의 이중생활,2016-08-03,19406436655,2520670,726,39653,1,0,강효진,0,2,2
7광구,2011-08-04,19391653500,2242510,812,47346,0,0,프란시스 아난,8,2,1
후궁 : 제왕의 첩,2012-06-06,19330302500,2636320,624,69104,0,0,제임스 매더,7,3,2
재심,2017-02-15,19266319637,2421197,935,68402,0,1,정기훈,4,2,2
위험한 상견례,2011-03-31,19174920500,2595625,524,75068,0,0,라인하드 클루스,6,3,0
나우 유 씨 미 : 마술사기단,2013-08-22,19146691869,2718227,691,54658,1,0,라이언 존슨,7,3,3
엑스맨: 퍼스트 클래스,2011-06-02,19075363000,2533852,587,56827,1,1,존 파브로,2,3,2
미니언즈,2015-07-29,18998046278,2625599,792,41946,1,0,제이크 캐스단,2,3,1
보스 베이비,2017-05-03,18936306704,2452245,1116,48379,1,0,장규성,4,3,1
브레이킹 던 part2,2012-11-15,18909583065,2654817,665,56995,1,0,조근현,4,3,1
배트맨 대 슈퍼맨: 저스티스의 시작,2016-03-24,18906246428,2256913,1709,95669,1,0,브라이언 싱어,8,3,1
메이즈 러너: 데스 큐어,2018-01-17,18902873104,2299732,1090,58918,1,1,올 파커,16,3,1
알리타: 배틀 엔젤,2019-02-05,18571455667,1952063,1043,52666,1,0,이용주,11,3,1
소원,2013-10-02,18529862600,2711083,651,72329,0,0,기예르모 델 토로,4,3,3
신의 한 수: 귀수편,2019-11-07,18463776050,2157437,1246,82178,0,0,김도영,4,2,1
화차,2012-03-08,18459428000,2436438,548,62643,0,1,박흥식,2,3,2
스파이,2015-05-21,18417637358,2318748,665,62960,1,1,정다원,0,2,2
테넷,2020-08-26,18396929850,1992214,2228,164758,1,0,김용화,3,3,1
로건,2017-03-01,18391060223,2169109,954,68709,1,0,전재홍,4,2,3
블라인드,2011-08-10,18390012500,2367942,404,49358,0,0,쿠엔틴 타란티노,4,3,3
박열,2017-06-28,18093639795,2359206,1176,78499,0,1,코디 캐머런,6,3,0
이웃사람,2012-08-22,18088462369,2434269,600,56752,0,0,제이슨 윌리엄 리,5,1,3
모아나,2017-01-12,18056417307,2310206,953,53162,1,0,코디 캐머런,6,3,0
명당,2018-09-19,17900775524,2087474,1117,58450,0,1,김지훈,7,3,2
의뢰인,2011-09-29,17797042500,2393086,522,58414,0,0,하정우,0,2,2
가문의 영광4 - 가문의 수난,2011-09-07,17792219500,2368267,537,48432,0,0,마이클 그레이시,4,3,1
강남 1970,2015-01-21,17718699499,2192276,841,53304,0,0,박정배,5,3,1
화이: 괴물을 삼킨 아이,2013-10-09,17695412795,2394453,817,59049,0,0,장진,0,3,2
장화신은 고양이,2012-01-12,17602643500,2080445,593,45451,1,0,김홍선,12,2,2
테이큰 2,2012-09-27,17581098553,2308596,682,51344,1,1,서극,9,3,1
007 스카이폴,2012-10-26,17487213000,2376145,748,51357,1,0,유학찬,18,3,2
원더 우먼,2017-05-31,17468588886,2165401,1034,57818,1,0,크리스 콜럼버스,7,3,1
겟 아웃,2017-05-17,17431830075,2138174,945,56530,1,0,김상진,0,3,2
악의 연대기,2015-05-14,17361815332,2192525,776,64351,0,0,노덕,11,2,3
맨 오브 스틸,2013-06-13,17092964063,2182227,998,55514,1,0,조 존스톤,2,5,1
하녀,2010-05-13,17038639000,2267556,555,59621,0,1,정용기,0,3,2
협상,2018-09-19,17032133166,1967721,919,57926,0,0,김대승,11,3,3
해리 포터와 죽음의 성물1,2010-12-15,16974636000,2396988,717,40463,1,0,캐서린 하드윅,4,2,2
백두산,2019-12-19,16921016530,1962407,1241,74413,0,0,안소니 루소,2,3,1
굿바이 싱글,2016-06-29,16912706195,2108273,841,56380,0,0,우선호,5,3,2
혹성탈출: 종의 전쟁,2017-08-15,16854482778,2051315,1017,44543,1,1,정연식,12,3,3
나잇&데이,2010-06-24,16777869600,2243484,494,54797,1,1,알렉세이 트시칠린,6,3,0
나의 사랑 나의 신부,2014-10-08,16636404305,2141155,629,69681,0,1,던칸 존스,2,3,1
호빗: 스마우그의 폐허,2013-12-12,16564184549,2115878,811,35223,1,0,제임스 보빈,8,3,1
배틀쉽,2012-04-11,16545921500,2241687,736,53109,1,0,트래비스 나이트,2,2,1
루시,2014-09-03,16468076039,1974893,641,44585,1,0,정지우,11,3,3
걸리버 여행기,2011-01-27,16441365500,1762071,527,41181,1,1,마크 A.Z. 디페,6,2,0
컨저링,2013-09-17,16353225777,2262758,563,48616,1,0,강제규,4,3,2
내안의 그놈,2019-01-09,16302228567,1902828,1041,61683,0,1,이석훈,0,2,1
봉이 김선달,2016-07-06,16227052642,2051277,942,51418,0,0,존 추,4,3,1
인투 더 스톰,2014-08-28,16157166332,2078698,585,45899,1,0,더글러스 맥키넌,5,2,1
뷰티 인사이드,2015-08-20,16148479531,2053435,648,52618,0,0,강우석,4,3,0
레버넌트: 죽음에서 돌아온 자,2016-01-14,16107360130,2007188,967,55063,1,1,최성현,0,3,1
논스톱,2014-02-27,16066549940,2084482,582,58217,1,0,윤준상,6,3,0
토르: 천둥의 신,2011-04-28,15985737000,1694562,496,45188,1,0,올리버 스톤,4,3,1
수어사이드 스쿼드,2016-08-03,15874111188,1898220,823,29512,1,0,장진,0,3,1
라이프 오브 파이,2013-01-01,15812506500,1588373,392,32722,1,1,요네바야시 히로마사,6,2,0
마약왕,2018-12-19,15784724552,1813594,1297,41658,0,0,김태윤,4,3,2
컨저링 2,2016-06-09,15759374229,1928605,640,45816,1,0,호세 파딜라,2,3,1
내부자들: 디 오리지널,2015-12-31,15742927260,1924720,838,45697,0,0,그레타 거윅,4,3,0
애나벨 : 인형의 주인,2017-08-10,15527492238,1934270,1006,35103,1,0,밥 퍼시케티,6,3,1
노아,2014-03-20,15514373500,2026594,952,56722,1,0,이계벽,0,3,1
변신,2019-08-21,15417922925,1804112,975,63211,0,1,이재규,4,3,2
초능력자,2010-11-10,15374489000,2130606,612,58000,0,0,스콧 스피어,11,2,1
쩨쩨한 로맨스,2010-12-01,15338827000,2009586,450,46199,0,0,야마자키 다카시,6,3,0
뺑반,2019-01-30,15224305848,1826912,1285,47215,0,0,F. 게리 그레이,2,3,2
테이큰 3,2015-01-01,15088105000,1860934,616,38060,1,1,모튼 틸덤,4,3,2
몽타주,2013-05-16,15002458500,2095592,544,53195,0,0,닐 나이팅게일,6,3,0
이클립스,2010-07-07,14945720000,2069246,535,46355,1,0,박준수,18,3,0
오늘의 연애,2015-01-14,14924654487,1891993,709,47237,0,0,제임스 완,2,3,1
담보,2020-09-29,14748867550,1719521,1342,110260,0,0,최동훈,5,3,2
마당을 나온 암탉,2011-07-28,14668226000,2201273,363,39224,0,0,로버트 렌스,6,3,0
강철비2: 정상회담,2020-07-29,14661646110,1791533,2137,106658,0,0,장훈,4,3,2
저스티스 리그,2017-11-15,14629677795,1786383,1308,73390,1,0,곽경택,4,3,2
노무현입니다,2017-05-25,14556517612,1855149,775,61327,0,1,이원석,4,3,2
레지던트 이블 4: 끝나지 않은 전쟁 3D,2010-09-16,14533948000,1190008,337,37849,1,1,벤 패터슨,14,2,2
남자가 사랑할 때,2014-01-22,14510222300,1979311,531,41123,0,0,권종관,5,3,2
페르시아의 왕자: 시간의 모래,2010-05-27,14483501000,1970823,567,51307,1,1,신재호,2,2,2
지.아이.조 2,2013-03-28,14457048500,1855917,766,62627,1,0,신한솔,0,3,3
샌 안드레아스,2015-06-03,14435844152,1716455,847,62016,1,0,김현석,11,3,2
용의자,2013-12-24,14408028500,1954586,618,42310,0,0,이수연,12,3,2
토이 스토리 3,2010-08-05,14319338600,1458865,393,28615,1,1,존 리 행콕,4,1,1
007 스펙터,2015-11-11,14301476030,1820760,1105,51940,1,0,M. 나이트 샤말란,14,2,2
킬러의 보디가드,2017-08-30,14020395800,1721757,482,42002,1,1,모홍진,12,3,3
콩: 스컬 아일랜드,2017-03-08,13990563383,1689717,984,56425,1,0,클린트 이스트우드,4,3,1
삼진그룹 영어토익반,2020-10-21,13981414470,1571286,1615,139275,0,0,이환경,0,3,2
악마를 보았다,2010-08-12,13919416500,1817063,490,42721,0,0,마이크 플래너건,14,3,1
주먹왕 랄프 2: 인터넷 속으로,2019-01-03,13877029723,1754375,1453,56412,1,0,신카이 마코토,6,2,1
라스트 에어벤더,2010-08-19,13854892500,1371164,399,32416,1,0,데이빗 보워스,6,3,0
해결사,2010-09-09,13844624000,1843404,525,59325,0,0,토드 헤인즈,4,3,3
쥬만지: 새로운 세계,2018-01-03,13814824864,1708672,791,41806,1,1,김진영,11,3,2
걸캅스,2019-05-09,13812802134,1629528,973,63163,0,0,이원태,5,3,3
연애의 온도,2013-03-21,13798864446,1865195,567,57847,0,0,이와이 슌지,4,1,0
도굴,2020-11-04,13764680410,1523514,1635,133284,0,0,조스 웨던,2,3,1
글러브,2011-01-20,13756104000,1887731,605,44725,0,0,기옘 모랄레스,9,3,3
아쿠아맨,2018-12-19,13659344323,1546297,1158,50500,1,0,리건,5,3,2
이미테이션 게임,2015-02-17,13655929120,1743963,541,44782,1,1,이규만,5,3,2
23 아이덴티티,2017-02-22,13609648135,1675819,952,44104,1,0,김주호,4,3,1
아이들...,2011-02-17,13579712500,1867849,504,41515,0,0,롭 마샬,3,3,0
쎄시봉,2015-02-05,13571515911,1715370,829,51744,0,0,변성현,11,2,3
나의 PS 파트너,2012-12-06,13548606616,1786831,552,37625,0,0,유성엽,4,2,0
제보자,2014-10-02,13515762802,1755181,676,58358,0,1,이종언,4,2,0
닥터 두리틀,2020-01-08,13449206760,1607082,1290,68634,1,0,연상호,2,3,2
코리아,2012-05-03,13448848500,1872681,537,49679,0,0,데이브 그린,2,3,1
300: 제국의 부활,2014-03-06,13395159700,1593116,720,54902,1,0,브래드 페이튼,2,3,0
창궐,2018-10-25,13275772490,1599290,1351,60687,0,0,루이스 리터리어,5,3,1
성난황소,2018-11-22,13236490737,1593386,1010,48932,0,0,매튜 본,7,3,1
분노의 질주: 더 맥시멈,2013-05-22,13210338042,1790916,657,44371,1,0,라세 할스트롬,3,3,0
러브픽션,2012-02-29,13200412500,1726202,617,44130,0,0,양경모,5,3,2
퍼시 잭슨과 번개 도둑,2010-02-11,13158158500,1846180,334,43667,1,1,제프 와드로,14,3,2
터보,2013-07-25,13116737000,1924414,634,28783,1,0,폴 앤더슨,2,2,1
스타트렉 다크니스,2013-05-30,12964828000,1605271,607,40504,1,0,리차드 커티스,11,2,2
사자,2019-07-31,12931566145,1611163,1405,47683,0,0,아담 맥케이,0,3,2
정직한 후보,2020-02-12,12854297030,1538038,1187,89425,0,0,추창민,4,3,2
전설의 주먹,2013-04-10,12777314500,1744585,724,57593,0,0,마크 포스터,8,3,0
인디펜던스 데이 : 리써전스,2016-06-22,12770879840,1500830,926,47432,1,1,정용기,0,3,2
언터처블: 1%의 우정,2012-03-22,12735040000,1720472,454,48976,1,0,프랭키 첸,11,3,2
평양성,2011-01-27,12684530500,1717566,483,41860,0,0,김제영,11,2,2
임금님의 사건수첩,2017-04-26,12651193723,1635003,1054,53005,0,0,박희곤,4,3,1
어스,2019-03-27,12586771104,1475087,1132,58522,1,0,조진규,0,3,2
마다가스카3 : 이번엔 서커스다!,2012-06-06,12521043500,1629799,564,34150,1,0,이안,2,1,1
블랙 스완,2011-02-24,12484661500,1623310,344,46840,1,1,낸시 마이어스,0,6,3
엑소더스: 신들과 왕들,2014-12-03,12442681926,1511195,865,43742,1,1,피터 손,6,3,0
집으로 가는 길,2013-12-11,12373339745,1763231,740,39811,0,0,벤 차오,6,3,0
드래곤 길들이기 3,2019-01-30,12346432876,1507922,971,42407,1,0,조시 쿨리,6,3,0
공범,2013-10-24,12333110882,1766285,611,51425,0,0,제이슨 라이트맨,12,3,1
더 폰,2015-10-22,12309164568,1593694,794,53599,0,0,임순례,4,3,1
분노의 질주: 언리미티드,2011-04-20,12292868000,1621973,457,43329,1,0,쿠스바 코조,6,3,0
아이스 에이지 4: 대륙 이동설,2012-07-25,12291969704,1648110,501,26899,1,1,로베르트 슈벤트케,2,3,1
두근두근 내 인생,2014-09-03,12291081634,1624601,629,40158,0,0,김영탁,0,3,1
공모자들,2012-08-29,12240964500,1646142,496,44959,0,1,시즈노 코분,6,3,0
말레피센트 2,2019-10-17,12191395690,1444952,1108,63768,1,0,리 언크리치,6,3,0
대호,2015-12-16,12104808332,1584168,892,39599,0,0,스티븐 개건,0,1,0
나의 특별한 형제,2019-05-01,12081618074,1478156,936,49927,0,0,낸시 마이어스,0,2,1
그대를 사랑합니다,2011-02-17,12041827000,1645505,292,57869,0,0,변영규,6,3,0
차이나타운,2015-04-29,11990370378,1472106,551,45137,0,1,노암 머로,2,3,3
램페이지,2018-04-12,11951980109,1385511,909,55295,1,0,잭 스나이더,2,3,1
리틀 포레스트,2018-02-28,11929202185,1506269,884,68414,0,1,톰 맥그라스,6,3,0
파파로티,2013-03-14,11825934000,1716429,552,53601,0,0,마이크 트메이어,6,3,0
부라더,2017-11-02,11783109998,1492903,889,54975,0,1,클레이 케이티스,6,3,0
하울링,2012-02-16,11765293500,1612554,550,44753,0,0,이현종,0,2,1
우아한 거짓말,2014-03-13,11728460300,1619188,573,57492,0,1,이병헌,0,3,3
신들의 전쟁,2011-11-10,11726682000,1338411,525,46169,1,0,나가오카 치카,6,3,1
해무(海霧),2014-08-13,11706782519,1475507,584,33490,0,0,신태라,0,3,2
오션스8,2018-06-13,11700157266,1335829,837,55372,1,0,로버트 로드리게즈,2,3,1
피끓는 청춘,2014-01-22,11688382888,1676040,679,36082,0,0,조나단 리브스만,2,3,1
무적자,2010-09-16,11629780500,1546132,412,46186,0,0,우디 앨런,0,3,2
로빈 후드,2010-05-13,11560588500,1570681,544,41953,1,0,그렉 티어난,6,3,0
황해,2010-12-22,11524115000,1497242,618,23295,0,0,잭 스나이더,6,3,0
탐정 홍길동: 사라진 마을,2016-05-04,11516170845,1430885,764,41076,0,0,앤드류 스탠튼,7,3,1
마다가스카의 펭귄,2014-12-31,11450482159,1512340,615,27171,1,0,문현성,4,2,1
골든슬럼버,2018-02-14,11412768798,1387508,833,42991,0,0,빌 콘돈,4,3,2
벤허,2016-09-14,11410860395,1400301,717,38941,1,0,데이빗 예이츠,2,3,1
인간중독,2014-05-14,11284912400,1441973,682,44057,0,0,정병길,2,3,3
용의자X,2012-10-18,11241013000,1552055,553,42989,0,0,피터 레페니오티스,6,3,0
오블리비언,2013-04-11,11165841500,1515356,634,47871,1,0,존 터틀타웁,2,1,0
가디언즈 오브 갤럭시,2014-07-31,11098239184,1311190,539,22417,1,0,에릭 스벤슨,4,1,2
해피 데스데이,2017-11-08,11004455402,1382650,714,52101,1,0,조규장,11,2,2
오케이 마담,2020-08-12,10981600110,1228968,1288,82969,0,1,제임스 카메론,7,3,1
클로젯,2020-02-05,10971962280,1270835,1197,71453,0,0,크리스 벅,6,2,0
브이아이피,2017-08-23,10956621835,1373316,996,44650,0,0,가렛 에드워즈,2,3,1
나니아 연대기: 새벽 출정호의 항해,2010-12-08,10889884000,1140201,493,32481,1,1,폴 킹,0,3,0
새미의 어드벤쳐 2,2012-08-01,10856204000,1457380,486,26436,1,0,마이크 미첼,6,3,0
다이하드: 굿 데이 투 다이,2013-02-06,10825703000,1438056,459,33055,1,1,해럴드 즈워트,3,3,2
말레피센트,2014-05-29,10776965900,1397526,554,38894,1,0,곽재용,12,3,2
에이리언: 커버넌트,2017-05-09,10745826264,1307226,841,41761,1,1,안드레스 무시에티,12,3,2
브레이킹 던 part1,2011-11-30,10692564000,1459449,636,43060,1,0,트래비스 클러프,12,2,3
기억의 밤,2017-11-29,10646654660,1386611,759,52847,0,1,드니 빌뇌브,4,3,1
드라큘라: 전설의 시작,2014-10-08,10607703908,1321751,477,46483,1,0,던칸 존스,2,2,1
위대한 개츠비,2013-05-16,10581329643,1445248,562,36008,1,0,뤽 베송,2,2,1
특별시민,2017-04-26,10494768945,1362634,1154,46377,0,0,김승우,12,3,2
궁합,2018-02-28,10478875438,1340117,966,52427,0,0,웨스 볼,2,3,1
퓨리,2014-11-20,10367640686,1362114,590,37155,1,0,한상호,6,3,0
장산범,2017-08-17,10341783083,1306438,711,34768,0,0,김태윤,0,3,1
퍼펙트맨,2019-10-02,10311352770,1240022,894,50055,0,0,최성현,0,3,1
스윙키즈,2018-12-19,10308565602,1258811,984,32237,0,0,리건,5,3,2
폼페이: 최후의 날,2014-02-20,10303127700,1373873,561,43288,1,0,카일 발다,6,3,0
구르믈 버서난 달처럼,2010-04-28,10241716500,1383867,506,48314,0,1,하기호,11,3,3
유열의 음악앨범,2019-08-28,10233455040,1245532,1078,59626,0,1,데이빗 레이치,7,3,1
스타트렉 비욘드,2016-08-17,10190375820,1157156,716,38199,1,0,젠디 타타코브스키,6,3,0
라푼젤,2011-02-10,10161464800,1011163,328,22107,1,1,봉준호,4,3,2
해치지않아,2020-01-15,10154099090,1209689,1216,53441,0,1,크리스토퍼 놀란,7,3,1
워크래프트: 전쟁의 서막,2016-06-09,10142271205,1163274,736,34087,1,0,마크 워터스,0,3,0
런닝맨,2013-04-04,10060239500,1422844,567,45995,0,1,이준익,4,2,2
셜록: 유령신부,2016-01-02,9992425049,1278894,891,32683,1,1,가이 리치,2,2,2
"힘을 내요, 미스터 리",2019-09-11,9930518906,1181960,990,41831,0,0,롭 마샬,3,3,1
특별수사: 사형수의 편지,2016-06-16,9929947065,1241899,691,39372,0,0,스콧 스피어,11,2,1
은교,2012-04-25,9918274444,1346359,521,41683,0,0,토니 스콧,2,2,1
해빙,2017-03-01,9905406822,1204600,915,46227,0,0,김광식,0,2,2
생일,2019-04-03,9885147340,1197565,878,71797,0,0,베리 소넨필드,2,3,1
월드 인베이젼,2011-03-10,9799358000,1307873,441,44241,1,1,유야마 쿠니히코,6,3,0
헬로우 고스트,2010-12-22,9796273500,1356230,472,22865,0,0,미셸 공드리,11,3,2
바람 바람 바람,2018-04-05,9784385375,1194229,985,57939,0,0,변영주,9,3,2
잃어버린 세계를 찾아서 2: 신비의 섬,2012-01-19,9784305000,1149628,398,27236,1,0,크리스 벅,6,2,0
굿 다이노,2016-01-07,9756167238,1328913,814,33127,1,0,권칠인,4,2,2
차형사,2012-05-30,9752555296,1346754,433,39152,0,0,도미닉 세나,8,2,2
악녀,2017-06-08,9739662144,1208081,685,46070,0,0,김형협,0,2,1
시간이탈자,2016-04-13,9731838195,1202384,733,55075,0,0,롤랜드 에머리히,2,3,2
슈퍼 배드,2010-09-16,9717463000,1027050,338,24577,1,0,김곡,14,3,2
점박이:한반도의 공룡3D,2012-01-26,9681445500,1050852,457,22475,0,0,션 빙햄,14,2,2
소스 코드,2011-05-04,9640238500,1277690,403,38744,1,0,타무라 코타로,6,2,1
챔피언,2018-05-01,9471138230,1128774,874,47320,0,0,존 왓츠,2,3,1
간기남,2012-04-11,9356404500,1246185,396,38155,0,0,박인제,4,3,2
미스터 고,2013-07-17,9337976000,1328888,840,38263,0,0,롤랜드 에머리히,2,3,2
간첩,2012-09-20,9316548500,1310895,576,41726,0,0,시즈노 코분,6,3,1
항거:유관순 이야기,2019-02-27,9291455101,1157949,1094,46159,0,0,조정래,4,3,2
롱 리브 더 킹: 목포 영웅,2019-06-19,9228798910,1094404,965,38839,0,1,딘 데블로이스,6,3,0
심야의 F.M.,2010-10-14,9179170500,1208306,423,50423,0,0,션 빙햄,14,2,2
찌라시: 위험한 소문,2014-02-20,9111748087,1221427,560,37426,0,0,김형준,12,3,3
하루,2017-06-15,9072737842,1129609,781,45808,0,1,카를로스 살다나,6,3,0
메리다와 마법의 숲,2012-09-27,9024766000,1231024,479,22087,1,1,오승욱,11,3,3
엘리시움,2013-08-29,9017994500,1207732,588,31515,1,0,이성관,1,3,1
장사리 : 잊혀진 영웅들,2019-09-25,8997921050,1140876,1090,47821,0,0,박훈정,9,3,2
퍼시픽 림: 업라이징,2018-03-21,8962712795,1077235,1145,49600,1,0,크리스토퍼 놀란,2,3,1
토탈 리콜,2012-08-15,8958236000,1219637,448,27089,1,1,백동훈,4,3,0
빅매치,2014-11-27,8952096578,1177438,627,38527,0,0,김용화,4,2,1
간신,2015-05-21,8946842910,1110246,697,40580,0,0,저스틴 린,2,3,2
슬로우 비디오,2014-10-02,8913092219,1169562,618,40665,0,1,우민호,4,3,2
라이트 아웃,2016-08-24,8893059975,1111284,659,34444,1,0,아야베 마야,12,3,2
동주,2016-02-17,8889077089,1172641,543,39958,0,1,제임스 쿨렌 브레삭,14,2,2
미씽: 사라진 여자,2016-11-30,8881616256,1153109,790,40617,0,1,육상효,0,3,1
"날, 보러와요",2016-04-07,8836144063,1063442,683,49237,0,1,최정열,4,3,2
돈의 맛,2012-05-17,8780178611,1166018,643,36922,0,0,홍헌표,6,3,0
더 넌,2018-09-19,8777844795,1011580,824,32736,1,0,타마르 반 덴 도프,4,3,2
쥬만지: 넥스트 레벨,2019-12-11,8774663410,1054963,1195,42083,1,1,김성훈,5,2,2
장수상회,2015-04-09,8737364643,1165780,688,52928,0,0,김성훈,2,2,2
성난 변호사,2015-10-08,8723650039,1128288,607,36990,0,0,김민호,5,2,2
천문: 하늘에 묻는다,2019-12-26,8695248070,1035024,929,43246,0,0,이상근,2,2,1
메가마인드,2011-01-13,8688842000,875631,414,22905,1,0,구수환,1,2,0
육혈포 강도단,2010-03-18,8651186000,1214237,319,51941,0,0,대니 보일,4,2,1
스카이스크래퍼,2018-07-11,8612111718,1002858,831,40862,1,0,이준익,4,3,1
R2B: 리턴투베이스,2012-08-15,8602921371,1201944,539,32881,0,0,이도윤,5,3,3
프로메테우스,2012-06-06,8600146099,971482,521,31629,1,1,오윤동,18,1,0
깡철이,2013-10-02,8572344462,1209363,707,43102,0,0,제임스 완,14,3,2
용서는 없다,2010-01-07,8544828000,1118277,323,33614,0,1,민규동,4,2,1
더 웹툰: 예고살인,2013-06-27,8537683070,1201457,541,35931,0,0,게리 도버먼,14,3,2
스타워즈: 라스트 제다이,2017-12-14,8535886061,946547,1107,30914,1,0,케빈 먼로,6,3,0
마이펫의 이중생활 2,2019-07-31,8512902825,1114949,933,30858,1,0,존 카니,4,3,2
지오스톰,2017-10-19,8480864614,1028384,854,35453,1,0,리 워넬,14,1,2
맨 인 더 다크,2016-10-05,8480368672,1003406,671,40136,1,0,김용한,12,3,2
결혼전야,2013-11-21,8434175719,1212843,524,38819,0,1,야마모토 야스이치로,6,3,0
웜 바디스,2013-03-14,8361708124,1169839,477,37960,1,0,토마스 로스,4,3,3
존 윅 3: 파라벨룸,2019-06-26,8205015858,1004365,849,29819,1,1,이언희,0,3,2
씽,2016-12-21,8203857789,1063175,795,19645,1,0,박영균,6,3,0
박물관이 살아있다 : 비밀의 무덤,2015-01-14,8170784606,1101678,500,30146,1,1,전계수,11,2,2
고령화 가족,2013-05-09,8169492153,1141222,583,37524,0,0,추창민,12,3,2
그놈이다,2015-10-28,8096427152,1046015,681,38678,0,1,크리스 콜럼버스,3,3,1
특수본,2011-11-24,8096052500,1118258,471,40881,0,0,정진영,9,3,2
가디언즈,2012-11-29,8083010500,1056250,470,21045,1,0,사이먼 웨스트,2,3,2
오빠생각,2016-01-21,8060591287,1069864,855,44801,0,0,손용호,5,3,3
베스트셀러,2010-04-15,7983184500,1081752,308,41064,0,1,김윤석,4,3,2
수상한 고객들,2011-04-14,7953428000,1059350,411,33930,0,0,김상협,4,3,2
몬스터 호텔 3,2018-08-08,7934082800,1072220,715,21247,1,1,스티븐 소더버그,0,3,1
1917,2020-02-19,7924722960,877017,932,91511,1,1,마이클 베이,7,3,1
김종욱 찾기,2010-12-08,7894328000,1081748,427,31167,0,0,타카하시 시게하루,6,3,0
나랏말싸미,2019-07-24,7871240823,958775,1211,39206,0,1,숀 레비,2,3,1
결백,2020-06-10,7859629340,894025,1112,74532,0,1,이일형,5,2,2
헝거게임: 캣칭 파이어,2013-11-21,7850816000,1125739,630,33686,1,0,D.J. 카루소,2,3,2
더 울버린,2013-07-25,7849518000,1075333,707,26905,1,1,심형래,0,3,1
방황하는 칼날,2014-04-10,7828891800,989906,594,38850,0,0,조민호,4,3,1
"고산자, 대동여지도",2016-09-07,7801007258,974262,765,38048,0,0,권호영,12,2,2
셜록 홈즈,2009-12-23,7787961500,1052059,359,25768,1,0,폴 티비트,6,3,0
개구쟁이 스머프,2011-08-11,7722519000,1027436,399,18225,1,1,최재훈,2,3,2
파괴된 사나이,2010-07-01,7692092100,1012310,363,31985,0,1,브래드 퍼맨,5,3,2
미 비포 유,2016-06-01,7663772990,945172,481,28458,1,0,론 하워드,2,3,1
마루 밑 아리에티,2010-09-09,7649985500,1065967,337,29804,1,0,야마모토 야스이치로,6,2,1
엑스맨: 다크 피닉스,2019-06-05,7649216640,862744,991,29386,1,1,앨런 테일러,2,3,2
매그니피센트 7,2016-09-14,7633490421,921317,579,27648,1,0,크리스 웨지,6,3,0
갓 오브 이집트,2016-03-03,7621291624,919834,618,35323,1,1,신정원,0,3,2
타이탄의 분노,2012-03-29,7591124500,893027,535,33580,1,0,이승무,2,3,2
오직 그대만,2011-10-20,7591008500,1027622,435,35365,0,0,유야마 쿠니히코,6,2,0
불한당: 나쁜 놈들의 세상,2017-05-17,7587004625,939535,860,37913,0,0,애덤 로비텔,2,2,2
심장이 뛴다,2011-01-05,7538083500,1006947,445,26778,0,0,제이 로치,4,3,2
"님아, 그 강을 건너지 마오",2014-11-27,7510901600,955433,486,26199,0,1,장유정,0,3,1
월요일이 사라졌다,2018-02-22,7489885100,903175,381,24247,1,1,론 클레멘츠,6,3,0
염력,2018-01-31,7484644112,990104,1099,45623,0,0,김휘,12,3,3
맨 인 블랙: 인터내셔널,2019-06-12,7464209570,851917,1151,40520,1,0,제임스 완,2,3,2
본 레거시,2012-09-06,7412233000,1015711,585,31628,1,0,마크 오스본,6,3,0
셔터 아일랜드,2010-03-18,7407854500,990223,272,29043,1,0,남대중,0,3,2
미쓰 와이프,2015-08-13,7387086869,988451,437,28864,0,1,데이빗 소렌,6,3,0
잭 더 자이언트 킬러,2013-02-28,7376481000,956154,507,27115,1,0,카를로스 살다나,6,1,0
시체가 돌아왔다,2012-03-29,7360631000,986923,435,36705,0,0,이덕희,15,3,3
스텝 업 3D,2010-08-05,7345439000,671845,250,14805,1,1,김태균,4,2,0
그것,2017-09-06,7335022607,888836,837,35430,1,0,김병갑,6,3,0
로보캅,2014-02-13,7299641958,979509,627,29686,1,0,강윤성,2,3,2
작은 아씨들,2020-02-12,7283877330,864782,1105,59781,1,1,안소니 루소,2,3,1
우리는 형제입니다,2014-10-23,7263255399,970373,566,41638,0,0,김상만,12,4,3
가문의 영광5 - 가문의 귀환,2012-12-19,7245056500,1012223,447,22573,0,0,더그 라이만,5,3,2
존 카터: 바숨 전쟁의 서막,2012-03-08,7229870500,838126,508,30760,1,1,캘런 브런커,6,3,0
레전드 오브 타잔,2016-06-29,7196970717,858402,593,28021,1,0,플로리안 헨켈 폰 도너스마르크,2,2,2
원더풀 라디오,2012-01-05,7193596000,977470,474,29167,0,0,김대승,4,2,1
셜록홈즈 : 그림자 게임,2011-12-21,7168608500,949299,360,25140,1,0,윌리엄 유뱅크,12,3,2
스텝업4 : 레볼루션,2012-08-15,7157894000,953871,281,23522,1,0,켈리 애스버리,6,3,0
미드웨이,2019-12-31,7143163010,824836,842,32902,1,1,셰인 블랙,7,3,1
애나벨,2014-10-02,7083492943,926027,464,29000,1,0,김광식,4,3,2
파퍼씨네 펭귄들,2011-09-07,7049177000,980387,333,26307,1,1,제임스 맨골드,2,2,1
몬스터 호텔 2,2015-12-24,7029012585,962770,686,12388,1,0,J.J. 에이브럼스,2,3,1
방가? 방가!,2010-09-30,7013842000,972431,312,41556,0,1,니콜라스 스톨러,6,3,0
동창생,2013-11-06,7010197126,1048280,660,36401,0,0,아쿠 로히미스,4,1,2
인랑,2018-07-25,7006622673,898945,1085,25427,0,0,박희곤,18,3,1
살인의뢰,2015-03-12,6986456737,855980,646,35244,0,1,이권,12,3,2
시동,2019-12-18,6876716560,792493,825,34835,0,0,윤제균,4,3,1
뽀로로 극장판 슈퍼썰매 대모험,2013-01-23,6826641500,931342,459,19941,0,0,요하네스 로버츠,14,3,2
돈 크라이 마미,2012-11-22,6798882099,972962,444,29539,0,1,최신규,6,3,0
평행이론,2010-02-18,6793066000,921111,265,32341,0,0,롭 마샬,3,3,0
하트 오브 더 씨,2015-12-03,6777420023,809399,535,29219,1,0,올리비에르 나카체,0,2,1
에픽 : 숲속의 전설,2013-08-07,6748072000,978785,471,18377,1,1,엄태화,4,3,1
점쟁이들,2012-10-03,6731202500,953682,479,31577,0,0,유야마 쿠니히코,8,2,0
투어리스트,2010-12-09,6728872000,901843,418,26842,1,1,박범수,11,2,2
베이비 드라이버,2017-09-14,6699906214,822769,778,40531,1,1,아론 미르테스,14,3,3
전국노래자랑,2013-05-01,6687636000,978413,581,41649,0,0,커첸넨,4,3,3
브리짓 존스의 베이비,2016-09-28,6678585874,820995,509,30736,1,0,이종필,0,3,1
디스 민즈 워,2012-02-29,6661435000,873396,351,32790,1,1,마이클 도허티,2,3,1
틴틴 : 유니콘호의 비밀,2011-12-07,6646528500,803256,644,31075,1,0,셀린 시아마,4,3,2
오리엔트 특급 살인,2017-11-29,6636205163,863567,707,35031,1,1,D.J. 카루소,2,3,1
슈퍼배드 2,2013-09-12,6605655500,962862,424,17373,1,0,타카하시 시게하루,6,3,0
극장판 헬로카봇 : 백악기 시대,2018-08-01,6589532500,879449,758,16173,0,0,손영성,4,3,2
좋아해줘,2016-02-17,6572774337,848148,637,27125,0,0,에드가 라이트,2,3,2
크루즈 패밀리,2013-05-16,6540951500,941824,525,21734,1,0,이환경,4,3,1
레슬러,2018-05-09,6481379657,771141,957,43079,0,0,정태원,0,3,2
레지던트 이블: 파멸의 날,2017-01-25,6422202365,765259,599,24450,1,0,앨리스터 그리어슨,2,3,2
체포왕,2011-05-04,6413325500,870887,407,32545,0,0,크리스토퍼 놀란,2,3,1
인시디어스 3,2015-07-09,6396650620,825517,416,20824,1,0,롤랜드 에머리히,2,3,1
손님,2015-07-09,6385937880,828025,634,23404,0,0,강우석,2,3,3
스카이 라인,2010-11-24,6320601500,860340,427,31690,1,1,토마스 맥카시,4,3,2
만추,2011-02-17,6313817000,845845,444,25590,0,0,전수경,18,3,0
상류사회,2018-08-29,6313416163,768442,867,41725,0,0,유하,2,3,3
공각기동대 : 고스트 인 더 쉘,2017-03-29,6285970884,764072,807,36261,1,0,손원평,9,2,2
대립군,2017-05-31,6276963402,837500,809,29084,0,1,이정범,2,2,3
보헤미안 랩소디,2018-10-31,6270535440,723804,732,27689,1,0,강우석,4,4,3
기술자들,2014-12-24,6241817635,786257,481,18808,0,0,문현성,0,2,1
월터의 상상은 현실이 된다,2013-12-31,6134220799,834348,373,22938,1,1,마크 앤드류스,6,3,0
새미의 어드벤쳐,2010-12-15,6108607500,647860,309,14302,1,0,정지영,4,2,2
물괴,2018-09-12,6106452954,723622,1183,46022,0,0,장준환,2,3,3
레드슈즈,2019-07-25,6103833190,817729,717,20376,0,0,강일수,4,3,2
스플릿,2016-11-09,6102712539,758195,702,32616,0,1,샤론 맥과이어,0,3,2
열한시,2013-11-28,6097792000,870785,512,32536,0,0,김병곤,11,2,1
퍼스트맨,2018-10-18,6094765639,665364,1190,40580,1,0,샘 멘데스,2,3,2
캣츠,2019-12-24,6093167690,728328,1143,22732,1,0,김현석,4,2,1
몬스터 호텔,2013-01-17,6080221500,884885,489,16647,1,0,임진순,2,2,2
헝거게임: 더 파이널,2015-11-18,6069167163,806520,661,26973,1,0,이준익,0,3,1
미쓰백,2018-10-11,6040344066,722182,671,41961,0,1,제롬 데셤프스,6,2,0
그랜드 부다페스트 호텔,2014-03-20,6019756082,774699,241,26377,1,1,곽경택,10,3,1
개구쟁이 스머프 2,2013-08-01,5993979500,921788,478,15485,1,0,M. 나이트 샤말란,7,3,1
고질라,2014-05-15,5972847963,709734,610,25335,1,0,최호,2,3,2
남쪽으로 튀어,2013-02-06,5970851500,832894,428,23088,0,0,쏘어 프류덴탈,8,3,1
킹스 스피치,2011-03-17,5963126500,806248,327,33979,1,1,유야마 쿠니히코,6,3,0
미확인 동영상 : 절대클릭금지,2012-05-30,5939840500,867386,361,25059,0,0,오치아이 마사유키,14,2,2
카트,2014-11-13,5912676633,812490,544,28547,0,1,닐 블롬캠프,7,3,3
런던 해즈 폴른,2016-03-10,5908367979,731584,526,37569,1,1,맥지,2,3,2
뽀로로 극장판 보물섬 대모험,2019-04-25,5886383900,766843,797,20075,0,0,정지영,4,3,2
몬스터 대학교,2013-09-12,5879223500,870605,385,15172,1,0,마시에이 피에프르지카,4,3,2
관능의 법칙,2014-02-13,5858771500,781516,591,30630,0,0,홍지영,3,3,1
뽀로로 극장판 공룡섬 대모험,2017-12-07,5848888600,773743,803,18226,0,0,아딜 엘 아르비,2,2,3
"안녕, 헤이즐",2014-08-13,5833905000,749146,326,17946,1,1,렌 와이즈먼,2,3,2
고死 두 번째 이야기: 교생실습,2010-07-28,5802318000,857038,313,23307,0,0,케네스 브래너,2,3,1
A-특공대,2010-06-10,5795794000,777985,323,26460,1,1,크리스토퍼 스펜서,4,3,1
잭 리처,2013-01-17,5758577000,784031,431,19868,1,0,시즈노 코분,6,3,1
샤잠!,2019-04-03,5743398797,657294,1148,45003,1,0,존 추,5,3,1
푸른소금,2011-08-31,5739824500,771699,476,28346,0,0,가이 리치,8,3,0
삼총사 3D,2011-10-12,5731619500,660172,510,29377,1,0,토니 밴크로프트,6,3,0
명탐정 피카츄,2019-05-09,5730788546,686809,817,25776,1,0,곽정,12,3,2
리오 2,2014-05-01,5669231900,765961,598,14929,1,1,스티븐 S. 드나이트,2,2,2
피라냐,2010-08-26,5661671000,505836,310,22744,1,1,자움 콜렛 세라,2,2,2
인페르노,2016-10-19,5656281303,689071,754,31809,1,0,케네스 브래너,4,3,1
화이트: 저주의 멜로디,2011-06-09,5587166000,790954,311,28059,0,0,라이언 존슨,9,3,1
토르: 마법망치의 전설,2012-02-09,5550797500,768426,383,18742,1,0,도로타 코비엘라,6,3,2
신데렐라,2015-03-19,5500502900,716491,531,27508,1,0,조던 필,12,3,2
국가대표 2,2016-08-10,5482232042,709929,562,20689,0,1,스티븐 스필버그,8,3,0
트랜센던스,2014-05-14,5478536500,696436,417,23243,1,0,민규동,4,3,3
패신저스,2017-01-04,5467466918,668576,608,21517,1,0,사라 스미스,6,3,0
지푸라기라도 잡고 싶은 짐승들,2020-02-19,5457014750,628977,996,65645,0,1,존 왓츠,2,3,1
나는 왕이로소이다,2012-08-08,5455343404,790181,471,21898,0,0,김진무,4,1,2
반창꼬,2012-12-19,5451422068,745262,381,20840,0,0,데이빗 핀처,4,3,2
하늘에서 음식이 내린다면,2010-02-11,5413862500,654510,282,16556,1,1,스티븐 쿼일,14,3,3
하늘에서 음식이 내린다면 2,2013-11-21,5411562500,797850,545,16340,1,0,박흥식,4,3,2
풍산개,2011-06-23,5395201500,714136,286,19194,0,0,월트 도른,6,2,0
픽셀,2015-07-16,5390909947,681945,557,21307,1,0,에릭 다넬,6,3,0
주유소 습격사건 2,2010-01-21,5379208500,729834,315,27844,0,1,빌 콘돈,3,3,0
더 파이브,2013-11-14,5343797000,731212,501,27308,0,0,안상훈,4,3,3
스파이더맨: 뉴 유니버스,2018-12-12,5305289076,639934,722,22113,1,1,패티 젠킨스,2,3,1
상의원,2014-12-24,5293724564,676632,466,13809,0,0,김영탁,4,2,1
통증,2011-09-07,5246996000,700272,317,29211,0,0,박준수,1,3,0
널 기다리며,2016-03-10,5234303336,635235,551,33774,0,0,조엘 크로포드,6,3,0
설리: 허드슨강의 기적,2016-09-28,5234170754,627102,573,26609,1,0,김대웅,4,3,2
광대들: 풍문조작단,2019-08-21,5228976088,637461,806,29048,0,0,김한결,11,2,2
퍼펙트 게임,2011-12-21,5224000500,695312,396,21284,0,0,이인항,2,3,2
앵그리버드 더 무비,2016-05-19,5218111744,680606,661,15812,1,0,피에르 꼬팽,6,2,0
컨택트,2017-02-02,5214551521,634150,605,22770,1,0,폴 앤더슨,2,1,3
그날의 분위기,2016-01-14,5149571612,653287,592,27186,0,0,최신규,6,3,0
로그 원: 스타워즈 스토리,2016-12-28,5127537094,596487,907,15441,1,0,임찬익,0,2,2
나를 찾아줘,2019-11-27,5117014620,645082,875,29475,0,0,요아킴 뢰닝,2,3,1
그것: 두 번째 이야기,2019-09-04,5112010367,591346,999,25622,1,0,브래드 버드,6,3,0
미스터 주: 사라진 VIP,2020-01-22,5071671660,603203,692,28187,0,1,봉준호,7,3,2
아빠는 딸,2017-04-12,5054757395,647305,586,33263,0,1,정기훈,4,2,2
내 깡패 같은 애인,2010-05-20,5028520000,688639,265,25806,0,0,로버트 루케틱,2,2,2
리오,2011-07-27,5021719500,645151,333,13781,1,1,하시모토 마사카즈,6,3,0
인비저블맨,2020-02-26,5015895060,575043,776,63076,1,0,이석훈,8,2,1
트롤,2017-02-16,5011161500,675966,622,18387,1,0,변승욱,14,3,2
이스케이프 룸,2019-03-14,5007420664,563114,850,29219,1,1,카일 발다,6,3,0
신비아파트: 금빛 도깨비와 비밀의 동굴,2018-07-25,5001247250,678091,762,16175,0,0,올리비에 메가턴,2,3,3
아이 엠 넘버 포,2011-02-24,4955215500,654386,284,22145,1,1,데릭 보트,12,3,3
우는 남자,2014-06-04,4924852800,603495,508,22322,0,0,이준익,4,3,1
사냥,2016-06-29,4912658515,645922,696,28862,0,0,박현진,11,3,1
나쁜 녀석들: 포에버,2020-01-15,4880576760,547775,896,29888,1,1,한재림,4,3,2
생텀,2011-02-10,4828519000,465039,323,16998,1,1,스도 토모노리,6,2,2
침입자,2020-06-04,4810611000,532045,1365,53636,0,1,황동혁,0,3,2
고양이: 죽음을 보는 두 개의 눈,2011-07-07,4780502000,672314,304,18972,0,0,토드 헤인즈,4,3,1
아더 크리스마스,2011-11-25,4771040500,620995,356,14606,1,1,윌리엄 유뱅크,12,3,2
열정같은소리하고있네,2015-11-25,4758959902,654102,566,30459,0,0,브렛 뮬렌,14,3,3
레지던트 이블 5 : 최후의 심판,2012-09-13,4757460500,558433,368,24599,1,1,패트릭 휴즈,2,3,2
특종: 량첸살인기,2015-10-22,4754763118,616481,776,31783,0,0,리들리 스콧,4,2,1
황제를 위하여,2014-06-11,4754501771,592435,423,26736,0,1,임상수,4,3,3
서부전선,2015-09-24,4751661400,609063,509,18935,0,0,방은진,4,2,2
버닝,2018-05-17,4716771098,528435,739,26514,0,1,이종석,5,2,2
스타워즈: 라이즈 오브 스카이워커,2020-01-08,4704790210,507265,957,28695,1,0,김지운,2,2,2
47 미터,2017-07-19,4686079657,590045,733,20457,1,1,노덕,12,3,2
머니볼,2011-11-17,4677562000,641099,385,21961,1,1,타이카 와이티티,0,3,1
스노우 화이트 앤 더 헌츠맨,2012-05-30,4646250000,636631,447,20647,1,0,이드손 오다,4,2,1
잭 리처: 네버 고 백,2016-11-30,4638072258,611097,667,23659,1,0,폴 앤더슨,2,3,3
마음이2,2010-07-21,4631432000,696382,262,20458,0,0,방수인,4,2,0
채피,2015-03-12,4620380654,573661,536,24669,1,0,딘 데블로이스,6,3,0
콰이어트 플레이스,2018-04-12,4580889849,526073,677,30760,1,0,김태곤,0,3,2
극장판 헬로카봇 : 달나라를 구해줘!,2019-09-04,4579618150,590413,889,20852,0,0,크리스토퍼 놀란,2,3,1
양자물리학,2019-09-25,4536436380,554939,799,25296,0,1,J.J. 에이브럼스,2,3,1
플랜맨,2014-01-09,4528561558,632299,458,20459,0,0,데이비드 F. 샌드버그,14,3,2
애드 아스트라,2019-09-19,4518393460,513375,853,27816,1,1,딘 데블로이스,6,3,0
메가로돈,2018-08-15,4516122497,527962,601,16459,1,0,이해준,4,3,1
콜롬비아나,2011-08-31,4514882000,598365,397,25622,1,0,천카이거,4,3,2
툼레이더,2018-03-08,4500905762,540410,806,31823,1,0,잭 스나이더,2,3,1
국제수사,2020-09-29,4496603760,537470,1074,41108,0,0,김성훈,2,3,2
더 울프 오브 월스트리트,2014-01-09,4490682000,585082,395,13735,1,1,코린 하디,14,3,2
싱 스트리트,2016-05-19,4489637672,560790,494,22825,1,1,프란시스 로렌스,3,3,2
극장판 헬로카봇: 옴파로스 섬의 비밀,2019-01-31,4485953140,575362,752,15827,0,0,브라이언 싱어,2,3,1
헝거게임: 판엠의 불꽃,2012-04-05,4478418000,607956,514,24924,1,0,조쉬 트랭크,2,3,1
타이타닉,1998-02-20,4473640500,369643,272,10365,1,1,김성제,4,3,2
그린 존,2010-03-25,4460075000,596403,268,27563,1,1,남대중,0,3,2
메카닉: 리크루트,2016-08-31,4458200800,551897,320,17497,1,1,김광태,3,3,2
타잔 3D,2014-01-09,4452845000,597142,527,12994,1,1,이언희,9,2,2
"그날, 바다",2018-04-12,4446000528,540631,643,30376,0,1,백운학,5,3,2
더 임파서블,2013-01-17,4445235500,622704,407,19595,1,0,임필성,11,3,3
미쓰GO,2012-06-21,4441859000,611685,440,24851,0,0,고어 버빈스키,6,1,0
오션스,2010-07-28,4403647500,640632,212,14915,1,0,시기노 아키라,6,3,0
맨 온 렛지,2012-02-22,4393531500,591841,408,22440,1,0,정우철,11,2,2
패션왕,2014-11-06,4367545379,594871,523,25487,0,0,이철하,9,3,3
피에타,2012-09-06,4355592500,603283,326,23106,0,0,마이클 패트릭 킹,0,3,3
그레이트 월,2017-02-15,4355441358,501486,598,23094,1,0,J.J. 에이브럼스,2,3,1
스텝 업: 올 인,2014-09-03,4337490134,564589,325,15372,1,1,제이크 캐스단,2,3,1
PMC: 더 벙커,2018-12-26,4320591057,492517,893,23116,0,0,다비드 알바라,8,3,2
인시디어스4: 라스트 키,2018-01-31,4301309864,554521,769,23869,1,1,맷 루트릿지,2,2,3
반가운 살인자,2010-04-08,4285830500,590531,264,29724,0,0,크리스찬 리버스,2,3,1
얼라이드,2017-01-11,4278041179,518886,546,19875,1,0,천성일,10,2,1
글래스,2019-01-17,4277452982,466475,837,24194,1,0,이병헌,0,3,2
이층의 악당,2010-11-24,4271750500,596851,379,26998,0,1,알렉상드르 헤보얀,6,3,0
레터스 투 줄리엣,2010-10-06,4270689500,582958,283,28683,1,0,에릭슨 코어,2,3,2
루퍼,2012-10-11,4265566000,571922,386,23599,1,1,조용선,4,3,2
셰이프 오브 워터: 사랑의 모양,2018-02-22,4218077050,507102,404,20200,1,1,크리스 리델,0,1,3
명탐정 코난 : 침묵의 15분,2011-08-03,4212992000,644652,275,12017,1,1,브라이언 커크,5,3,2
스타 이즈 본,2018-10-09,4197504400,483852,555,25781,1,0,김준성,7,2,2
퀴즈왕,2010-09-16,4188846000,573001,321,23579,0,1,허인무,4,3,2
마이 웨이,2011-12-21,4181348000,556628,588,22546,0,0,김봉한,4,2,2
퍼스트 어벤져,2011-07-28,4161976500,514309,362,13941,1,0,우디 앨런,11,3,2
거울나라의 앨리스,2016-09-07,4145733267,513202,515,19585,1,0,김태용,4,2,2
다이노소어 어드벤처 3D,2013-12-19,4140930000,507164,464,8994,1,1,라이언 머피,4,1,2
몬스터,2014-03-13,4138207515,526557,527,25460,0,0,허종호,5,3,2
러브 & 드럭스,2011-01-13,4125733000,527077,284,14250,1,1,신정원,0,3,2
헬머니,2015-03-05,4120166972,522929,422,24846,0,0,김봉주,2,3,2
호두까기 인형과 4개의 왕국,2018-12-06,4120048900,513767,294,14238,1,0,맷 리브스,2,3,1
고스트버스터즈,2016-08-25,4116570075,515553,511,18026,1,0,콜린 스트로즈,7,2,1
백설공주,2012-05-03,4097396000,585473,386,20746,1,0,윌 글럭,6,3,0
곰돌이 푸 다시 만나 행복해,2018-10-03,4093369860,492201,536,21601,1,0,임찬상,11,2,2
아이스 에이지: 지구 대충돌,2016-07-20,4092484600,553760,580,13018,1,1,리 워넬,14,3,2
어바웃 타임,2013-12-05,4077030200,536634,282,12323,1,0,강제규,4,3,1
메리와 마녀의 꽃,2017-12-07,4064280239,535331,751,21383,1,1,박상준,2,3,3
마법사의 제자,2010-07-21,4057522000,570775,300,19017,1,1,홍승완,4,2,1
발레리안: 천 개 행성의 도시,2017-08-30,4047756408,511931,629,23405,1,1,이창동,9,3,3
섀도우 헌터스: 뼈의 도시,2013-09-12,4034176500,571074,374,18273,1,0,우시지마 신이치로,6,2,1
변산,2018-07-04,4016562273,490519,763,27504,0,1,피터 잭슨,3,3,1
화이트 하우스 다운,2013-06-27,4015707500,569500,480,19850,1,0,닉 브루노,6,2,0
명탐정 코난: 천공의 난파선,2010-07-21,4002088500,618420,235,11902,1,1,크리스 콜럼버스,3,3,0
인시디어스: 두번째 집,2013-12-05,4001137000,577748,405,18653,1,0,조원희,0,3,1
파파,2012-02-01,4000072000,587291,414,24767,0,0,타치카와 유즈루,6,3,1
애나벨 집으로,2019-06-26,3993147140,481766,653,16619,1,0,엄유나,4,2,1
사이코메트리,2013-03-07,3978495129,534273,429,23487,0,0,야기 류이치,6,3,0
7년의 밤,2018-03-28,3969337524,528007,872,26804,0,0,데이빗 예이츠,2,3,0
트리플 엑스 리턴즈,2017-02-08,3967335095,475309,590,20692,1,0,루퍼트 샌더스,3,3,1
라스트 갓파더,2010-12-29,3953691500,543544,493,8275,0,0,민규동,4,3,2
언노운,2011-02-17,3953681000,522794,186,14849,1,0,데이미언 셔젤,4,2,1
가려진 시간,2016-11-16,3946462400,510878,884,30404,0,0,변혁,4,2,3
침묵,2017-11-02,3930219264,494097,634,23228,0,0,요하네스 로버츠,14,3,2
극장판 요괴워치: 탄생의 비밀이다냥!,2015-07-22,3888539100,550924,509,11765,1,0,최승호,1,3,2
페르디난드,2018-01-03,3854216500,533776,698,13789,1,1,마이클 워커,12,3,3
챔프,2011-09-07,3850214500,534752,301,19668,0,0,조경훈,14,3,2
47미터 2,2019-08-28,3846315153,501934,649,24027,1,1,이재한,10,6,1
애프터 어스,2013-05-30,3831856167,537920,484,19867,1,0,개빈 후드,7,3,1
동네사람들,2018-11-07,3818515112,461693,731,23598,0,1,롭 레터맨,8,3,0
너는 펫,2011-11-10,3810103000,543313,341,24395,0,0,조슬예,12,2,2
라이프,2017-04-05,3791748210,459984,647,27762,1,1,닐 블롬캠프,2,3,2
퍼시 잭슨과 괴물의 바다,2013-09-12,3791349609,519584,409,17054,1,1,존 라세터,6,2,0
해어화,2016-04-13,3768200759,485695,572,32322,0,0,정윤철,4,3,2
명탐정 코난: 순흑의 악몽,2016-08-03,3766157500,508869,447,7983,1,0,루퍼트 샌더스,7,1,2
소셜 네트워크,2010-11-18,3744100000,509177,310,18695,1,1,자움 콜렛 세라,2,3,3
순수의 시대,2015-03-05,3740948828,469891,546,23623,0,0,김홍선,5,3,3
마담 뺑덕,2014-10-02,3728980590,471172,536,21636,0,0,김형준,5,6,3
원더풀 고스트,2018-09-26,3720931600,450374,351,13999,0,1,마이클 차베즈,14,3,2
너의 췌장을 먹고 싶어,2017-10-25,3703660800,465265,218,16849,1,0,이정철,17,3,0
스파이 지니어스,2020-01-22,3699691180,450932,712,22244,1,0,안소니 루소,2,3,1
엔더스 게임,2013-12-31,3695768000,487679,458,18384,1,0,로슨 마샬 터버,2,2,1
도라에몽 : 스탠 바이 미,2015-02-12,3684756429,503968,432,13063,1,0,저스틴 린,2,3,2
카 2,2011-07-20,3681072000,465599,379,11690,1,1,주동,11,2,1
그린치,2018-12-19,3675441950,485064,724,10998,1,0,피터 버그,2,3,1
먹고 기도하고 사랑하라,2010-09-30,3674965000,500266,324,22299,1,1,쿠엔틴 타란티노,4,3,3
이웃사촌,2020-11-25,3647897960,424764,1363,65450,0,1,존 왓츠,2,2,1
노예 12년,2014-02-27,3644423700,498043,326,19373,1,1,톰 맥그라스,6,3,0
그린 북,2019-01-09,3631254060,434899,398,18244,1,1,페이튼 리드,2,3,1
카운트다운,2011-09-29,3630557000,471547,341,20958,0,0,루퍼트 굴드,4,1,1
눈의 여왕 2: 트롤의 마법거울,2014-12-24,3623421700,498320,479,6508,1,1,허진호,18,2,1
슈퍼 에이트,2011-06-16,3622888500,472125,411,21883,1,0,최종태,4,3,1
빅쇼트,2016-01-21,3622652707,446712,489,17316,1,0,벤 스틸러,8,3,1
남자사용설명서,2013-02-14,3606654257,507913,372,17238,0,0,스콧 모지어,6,2,0
계춘할망,2016-05-19,3600794348,482516,526,19644,0,1,브라이언 싱어,4,3,1
카3: 새로운 도전,2017-07-13,3599544501,487916,800,14906,1,0,베넷 밀러,4,1,1
감쪽같은 그녀,2019-12-04,3594862790,469296,761,24843,0,1,이석근,11,2,1
히든 피겨스,2017-03-23,3580767033,449518,448,19742,1,1,최신규,6,3,0
위험한 상견례 2,2015-04-29,3575384754,472693,429,18409,0,0,스티브 마티노,6,3,0
불량남녀,2010-11-04,3562190000,483387,338,24441,0,0,이두환,14,2,2
소리도 없이,2020-10-15,3558905900,403424,1084,41127,0,1,우민호,5,3,3
버즈 오브 프레이(할리 퀸의 황홀한 해방),2020-02-05,3558359190,402035,963,38319,1,0,이계벽,0,3,2
소녀괴담,2014-07-02,3554806054,481696,455,19432,0,1,김동원,2,3,2
레드,2010-11-03,3550436000,482053,317,22481,1,1,이정범,4,3,3
헌츠맨: 윈터스 워,2016-04-13,3544262706,445009,557,25789,1,0,벤 스타센,6,3,0
또 하나의 약속,2014-02-06,3533799400,497613,192,14847,0,1,강효진,5,3,2
"로봇, 소리",2016-01-27,3519595560,476665,609,25502,0,0,김홍선,5,3,2
아부의 왕,2012-06-21,3511102500,497880,428,22060,0,0,김정환,11,2,2
밀레니엄 : 여자를 증오한 남자들,2012-01-11,3504237000,443855,321,12005,1,1,이해준,4,2,2
장난스런 키스,2019-03-27,3501463050,428009,532,20458,1,1,제임스 건,2,3,1
강철비,2017-12-14,3494678900,438447,602,13598,0,0,강효진,3,3,2
조선미녀삼총사,2014-01-29,3471341321,480361,388,14031,0,0,리들리 스콧,7,3,3
오피스,2015-09-03,3460460230,441208,425,18575,0,1,요아킴 뢰닝,3,3,1
페이스메이커,2012-01-18,3443753000,467697,412,21875,0,0,한상호,6,3,0
앨빈과 슈퍼밴드2,2009-12-30,3411479000,511322,244,14053,1,1,호소다 마모루,6,3,0
나를 잊지 말아요,2016-01-07,3398915000,425799,559,19138,0,0,허종호,2,3,2
무서운 이야기 2,2013-06-05,3393667500,495522,337,18509,0,0,이환경,4,3,1
클라우드 아틀라스,2013-01-09,3385615727,449344,382,13627,1,0,저스틴 덱,14,3,2
트론: 새로운 시작,2010-12-29,3382216700,306012,371,10005,1,1,니샤 가나트라,0,2,1
흥부: 글로 세상을 바꾼 자,2018-02-14,3381050200,416303,627,18671,0,0,박대민,0,3,1
락아웃: 익스트림미션,2012-06-14,3373780000,462176,374,22172,1,0,댄 트라첸버그,9,3,2
킹 아서: 제왕의 검,2017-05-17,3373678655,415714,588,20315,1,0,존 터틀타웁,2,2,1
명탐정 코난: 11번째 스트라이커,2012-07-19,3363777000,524914,350,10687,1,0,김동빈,9,3,2
"협녀, 칼의 기억",2015-08-13,3360045489,431310,572,16099,0,0,김경재,4,3,3
리얼,2017-06-28,3357312530,470105,970,25139,0,0,에드워드 즈윅,2,2,2
세 얼간이,2011-08-18,3355257500,459307,232,13197,1,1,톰 하퍼,4,2,1
적인걸: 측천무후의 비밀,2010-10-06,3342474000,459876,292,23640,1,0,로버츠 개너웨이,6,3,0
범블비,2018-12-25,3334865955,394493,766,18199,1,0,조범구,2,3,2
반드시 잡는다,2017-11-29,3326439772,446780,565,24559,0,0,앤드류 니콜,2,3,1
닌자터틀,2014-08-28,3321120147,400329,479,15188,1,0,홍지영,11,3,2
친정엄마,2010-04-22,3321091000,472009,275,24994,0,1,김진영,11,2,1
원라인,2017-03-29,3319035433,435048,613,20788,0,0,이성태,5,3,2
나의 소녀시대,2016-05-12,3314491150,409537,201,12404,1,1,홍성호,6,3,0
다이버전트,2014-04-16,3297769011,424045,511,21396,1,0,크리스 리노드,6,3,0
명탐정 코난 : 화염의 해바라기,2015-08-05,3296031400,471205,433,8877,1,0,이재용,4,3,1
제미니 맨,2019-10-09,3295969230,387342,845,26044,1,0,마이크 미첼,6,3,0
캐치미,2013-12-18,3293262500,480434,517,16151,0,0,스티브 맥퀸,4,3,2
넛잡: 땅콩 도둑들,2014-01-29,3283691800,478993,382,10817,0,1,안권태,17,2,2
앨빈과 슈퍼밴드3,2011-12-15,3279645000,496560,327,9584,1,1,유야마 쿠니히코,6,2,0
시즌 오브 더 위치: 마녀 호송단,2011-01-13,3277434500,435201,220,14539,1,0,조정래,4,3,1
언스토퍼블,2010-11-10,3273318500,452320,297,21495,1,1,이종필,4,3,1
명탐정 코난:진홍의 연가,2017-08-02,3268917200,450043,582,9763,1,0,존 크래신스키,12,3,2
무뢰한,2015-05-27,3262207431,414641,482,23660,0,1,윤류해,4,3,2
식객2 : 김치전쟁,2010-01-28,3243969500,462714,347,22753,0,0,정익환,4,2,0
좋은 친구들,2014-07-10,3222101031,407228,371,17831,0,0,로도 사야구에즈,5,3,3
터닝메카드W: 블랙미러의 부활,2017-01-18,3215588500,429933,570,14146,0,1,성시흡,0,2,2
겨울왕국 2,2019-11-21,3214172730,378728,665,16777,1,0,크리스토퍼 맥쿼리,2,3,2
러브 유어셀프 인 서울,2019-01-26,3209682900,342366,224,4535,0,1,곽경택,4,2,2
익스펜더블 2,2012-09-06,3208867228,444434,393,20126,1,0,샘 테일러 존슨,4,3,3
파라노말 액티비티,2010-01-13,3207923500,438402,184,17015,1,0,조명남,4,3,1
어린왕자,2015-12-23,3195586794,428855,494,8384,1,1,육상효,4,3,1
아메리칸 메이드,2017-09-14,3175539145,401541,691,26356,1,0,김봉한,2,3,2
창수,2013-11-28,3146542000,429141,415,19471,0,1,알렉세이 트시칠린,6,2,0
조선마술사,2015-12-30,3143566733,403919,608,13708,0,0,최국희,4,3,2
극장판 공룡메카드: 타이니소어의 섬,2019-01-10,3140220420,410132,763,15121,0,0,제임스 넌,12,3,3
"그대, 고맙소 : 김호중 생애 첫 팬미팅 무비",2020-09-29,3129974000,102008,106,4771,0,1,우민호,4,3,2
스머프: 비밀의 숲,2017-04-28,3122661000,427764,607,10658,1,1,제임스 그레이,7,1,1
극장판 포켓몬스터 너로 정했다!,2017-12-21,3117529700,415255,626,7796,1,1,올리비에 메가턴,2,2,2
언더 워터,2016-07-13,3111772391,384789,518,13058,1,0,김현석,12,3,2
워리어스 웨이,2010-12-01,3097461500,432072,433,23127,1,1,수 차오핑,2,3,2
고질라: 킹 오브 몬스터,2019-05-29,3085036318,359041,923,15867,1,0,앨런 테일러,2,3,1
주온 : 끝의 시작,2014-07-16,3071127231,410644,394,15339,1,0,딘 데블린,2,3,1
넛잡 2,2017-10-03,3069388100,411787,526,10449,0,0,로아 우타우,2,1,1
신이 보낸 사람,2014-02-13,3068195600,424258,285,12684,0,1,라이언 존슨,2,3,1
러빙 빈센트,2017-11-09,3061456861,384540,272,14651,1,1,마틴 스콜세지,0,3,3
에베레스트,2015-09-24,3055119748,332180,331,9343,1,0,게리 로스,2,3,1
나인,2009-12-31,3046461500,397889,336,16466,1,1,아리 산델,3,3,1
랭고,2011-03-03,3043816000,430001,314,15179,1,0,엽위신,2,3,1
판타스틱 4,2015-08-20,3029310600,399667,451,16241,1,1,한준희,5,3,3
섹스 앤 더 시티 2,2010-06-10,3022970000,398347,233,14265,1,0,크리스티안 디터,11,2,2
사랑이 무서워,2011-03-10,3020062500,402876,290,21341,0,0,이영준,6,3,0
명탐정 코난 : 제로의 집행인,2018-08-08,3014920361,396230,542,8770,1,0,스티븐 쿼일,2,3,1
피터 래빗,2018-05-16,3006258100,388300,599,12522,1,1,백종열,11,3,1
썬더와 마법저택,2013-12-24,3004330500,444848,396,9501,1,0,김용균,14,2,2
노브레싱,2013-10-30,2991824739,451669,584,24912,0,1,피터 패럴리,4,2,1
익스펜더블,2010-08-19,2973224000,390438,259,15798,1,1,오토 바서스트,8,3,1
보통사람,2017-03-23,2956397623,383336,621,19928,0,1,존 카니,4,3,2
두 개의 달,2012-07-12,2949348748,426706,347,16810,0,0,박준수,1,3,0
티끌모아 로맨스,2011-11-10,2941601500,423915,323,19288,0,1,증국상,11,2,2
점박이 한반도의 공룡2 : 새로운 낙원,2018-12-25,2941541400,375312,672,6495,0,0,알레한드로 곤잘레스 이냐리투,8,3,2
클로버필드 10번지,2016-04-07,2928428655,357736,575,24680,1,0,데이미언 셔젤,7,2,1
그레이의 50가지 그림자,2015-02-26,2918598796,364415,512,19227,1,0,제임스 프랭코,4,2,3
나의 독재자,2014-10-30,2906674546,385932,654,24217,0,0,임상윤,2,2,3
브링 더 소울 : 더 무비,2019-08-07,2902500310,336074,569,10199,0,0,창감독,2,3,2
뽀로로 극장판 컴퓨터 왕국 대모험,2015-12-10,2902090600,391760,544,10893,0,0,브래드 페이튼,2,3,1
어쌔신 크리드,2017-01-11,2899784921,355913,566,16218,1,1,제임스 카메론,11,2,2
소수의견,2015-06-24,2892681205,383582,398,16273,0,1,윤종찬,4,3,2
오즈 그레이트 앤드 파워풀,2013-03-07,2886185000,350563,425,15582,1,0,창감독,4,2,2
크로니클,2012-03-15,2884776000,384398,324,20957,1,1,저스틴 커젤,2,3,2
대장 김창수,2017-10-19,2879121115,381483,748,21744,0,1,최신규,6,2,0
늑대소년-확장판,2012-12-06,2868180500,414064,278,11436,0,0,박영균,6,3,0
컨트롤러,2011-03-03,2862234500,373344,371,18872,1,0,윤은경,14,3,2
천재 강아지 미스터 피바디,2014-04-24,2859791400,385552,533,10520,1,0,채드 스타헬스키,2,1,3
그녀,2014-05-22,2858143500,350618,168,9980,1,0,가스 제닝스,6,3,0
내 심장을 쏴라,2015-01-28,2856859132,387409,452,20042,0,1,모리 준이치,4,3,1
호빗: 다섯 군대 전투,2014-12-17,2840004341,326887,350,7347,1,0,이연우,0,3,2
스토커,2013-02-28,2829265174,378874,329,15590,1,1,이원석,11,3,2
석조저택 살인사건,2017-05-09,2829106886,353517,539,17925,0,1,데니스 간젤,2,3,2
플립,2017-07-12,2828867900,355617,249,13177,1,1,폴 그린그래스,2,2,2
내 이름은 칸,2011-03-24,2821380000,381334,227,15855,1,1,가더 가츠테루-우루샤,7,1,3
프롬 파리 위드 러브,2010-03-11,2804967500,369394,294,22348,1,1,윌 핀,6,3,0
오! 문희,2020-09-02,2802734600,351730,1110,52239,0,1,나홍진,9,3,2
아메리칸 스나이퍼,2015-01-14,2800001438,344766,308,10769,1,0,심성보,4,3,3
그린랜드,2020-09-29,2777724520,325869,779,26421,1,1,김한민,2,3,2
헬보이,2019-04-10,2777106321,323198,726,26507,1,1,장훈,10,3,2
덤보,2019-03-27,2775096512,345521,797,17627,1,0,김대우,4,3,3
공자 춘추전국시대,2010-02-11,2774370000,371607,236,15346,1,1,로버트 페르난데스,6,2,0
명탐정 코난 : 이차원의 저격수,2014-08-06,2768375000,398606,299,6834,1,0,조나단 레빈,0,3,2
링컨: 뱀파이어 헌터,2012-08-30,2750911500,344876,337,16372,1,1,이원태,4,2,1
하이힐,2014-06-03,2750311500,341634,385,16750,0,0,숀 레비,8,3,0
론 레인저,2013-07-04,2750149500,387527,401,14155,1,0,아담 맥케이,4,3,3
경성학교: 사라진 소녀들,2015-06-18,2749609100,356415,489,18520,0,0,이한,4,3,1
레드 라이딩 후드,2011-03-17,2728562500,362572,249,20020,1,0,신우,6,2,0
커플즈,2011-11-02,2705566500,360045,387,19564,0,1,니콜라스 베도스,0,3,2
눈의 여왕 3: 눈과 불의 마법대결,2017-01-04,2694247700,366442,526,10639,1,1,게리 로스,3,3,2
홈,2015-05-21,2693335391,360742,532,10484,1,0,유하,5,2,2
주피터 어센딩,2015-02-05,2687549879,309842,561,16454,1,0,노동석,5,3,2
미드나잇 선,2018-06-21,2679300500,326086,472,14847,1,1,조일형,4,2,2
번 더 스테이지: 더 무비,2018-11-15,2671391900,315010,243,4714,0,0,이안,8,2,0
프렌즈: 몬스터섬의비밀,2011-12-29,2668476500,364732,290,10153,1,1,샘 레이미,3,3,0
치외법권,2015-08-27,2664941005,346483,446,15297,0,1,타셈 싱,2,3,3
트루스 오어 데어,2018-05-22,2647330400,310956,530,17066,1,0,우민호,5,3,3
캐롤,2016-02-04,2645756616,319357,288,11092,1,1,이지원,4,3,2
위자: 저주의 시작,2016-11-09,2637517406,331877,467,15660,1,0,게리 왕,6,3,0
아담스 패밀리,2019-11-07,2636891140,329955,802,11242,1,0,돈 홀,6,3,0
미드나잇 인 파리,2012-07-05,2633727398,355081,189,9256,1,1,조쉬 트랭크,4,3,2
가디언의 전설,2010-10-28,2613934200,302318,267,14421,1,0,월트 베커,6,3,0
블라인드 사이드,2010-04-15,2613051000,355516,129,12717,1,0,로베르트 슈벤트케,7,3,2
극적인 하룻밤,2015-12-03,2610567429,320884,434,18332,0,1,니콜라스 윈터,2,3,2
아스트로 보이-아톰의 귀환,2010-01-13,2585585500,393433,278,15793,1,1,성룡,8,2,1
이터널 선샤인,2005-11-10,2581017592,315447,108,8891,1,1,에릭 다넬,6,3,0
예스터데이,2019-09-18,2580213100,306332,816,23340,1,0,팀 버튼,3,3,1
파라노말 액티비티 2,2010-10-21,2575677000,358453,196,13647,1,0,스튜어트 베티,2,3,1
런,2020-11-20,2560441600,278819,799,38957,1,1,오오네 히토시,4,3,2
패딩턴 2,2018-02-08,2555480200,339014,629,14455,1,1,에브라힘 하타미키아,2,2,2
허스토리,2018-06-27,2521025949,336822,696,20406,0,0,케네스 브래너,3,3,1
미성년,2019-04-11,2494615950,293352,673,27314,0,0,곽경택,15,3,3
극장판 요괴워치: 염라대왕과 5개의 이야기다냥!,2016-07-20,2467275080,330725,403,6607,1,0,젠디 타타코브스키,6,2,0
명탐정 코난 : 수평선상의 음모,2013-08-07,2465123000,389871,316,8196,1,0,J.J. 에이브럼스,9,3,1
스폰지밥 3D,2015-02-18,2458946200,325016,357,8415,1,0,송해성,2,3,2
무서운 이야기,2012-07-25,2452368566,331760,274,10268,0,0,루크 이브,11,3,1
링컨 차를 타는 변호사,2011-06-16,2443603500,327612,241,12383,1,1,알폰소 쿠아론,3,3,0
위대한 소원,2016-04-21,2440004213,308398,524,22769,0,0,웨스 앤더슨,9,3,2
아기배달부 스토크,2016-12-07,2436955700,322354,538,9388,1,0,프란시스 로렌스,2,3,2
숲속으로,2014-12-24,2409562888,317406,356,7709,1,0,제임스 건,2,3,1
스포트라이트,2016-02-24,2402036255,299878,320,13482,1,1,라자 고스넬,6,3,0
잭 라이언 : 코드네임 쉐도우,2014-01-16,2395391500,327589,419,12908,1,0,윤준형,12,3,2
선 오브 갓,2014-04-10,2393896300,329252,419,15313,1,1,송해성,4,3,2
미녀와 야수,2014-06-18,2393617300,316332,387,15414,1,0,이정호,9,1,2
덕구,2018-04-05,2389041700,315663,544,19006,0,1,엑셀 브라운,2,3,3
킬러스,2010-09-02,2386700000,322888,282,17930,1,0,타카하시 와타루,6,3,0
맨발의 꿈,2010-06-24,2372787500,331945,332,17790,0,0,크리스 리노드,6,3,0
파이널 데스티네이션5,2011-09-08,2370348500,257193,168,9325,1,0,올레 말라므,6,3,0
남영동1985,2012-11-22,2358477601,332597,310,15679,0,1,롭 민코프,6,3,0
짱구는 못말려 극장판 : 초시공! 태풍을 부르는 나의 신부,2011-05-05,2357563000,351742,306,7013,1,0,조쉬 분,2,3,2
해리포터와 마법사의 돌,2001-12-13,2349913000,267950,33,3929,1,0,토비 젠켈,6,3,0
뮨: 달의 요정,2015-09-24,2333203700,319384,365,6895,1,1,나홍진,5,3,3
기방도령,2019-07-10,2330230190,287053,625,16652,0,1,로버트 로워스,12,3,3
모털 엔진,2018-12-05,2324362119,267896,661,15454,1,0,헨크 프리토리우스,14,2,2
포인트 브레이크,2016-01-07,2323707051,294320,409,12111,1,1,임순례,4,3,2
마이 블랙 미니드레스,2011-03-24,2318884500,313953,325,20166,0,0,피터 시걸,2,2,1
배심원들,2019-05-15,2306806090,288579,784,20271,0,1,김성수,4,3,2
세상에서 가장 아름다운 이별,2011-04-20,2296840000,316990,340,17456,0,0,벤 스타센,6,3,0
늑대아이,2012-09-13,2296193261,332702,226,10768,1,1,조지 놀피,11,2,1
런 올 나이트,2015-03-19,2293671495,289534,411,15865,1,0,소유붕,4,3,1
커뮤터,2018-01-24,2286690955,286062,575,16145,1,1,제임스 완,14,3,2
원스 어폰 어 타임... 인 할리우드,2019-09-25,2269807670,277319,678,15147,1,1,강대규,4,3,1
혼숨,2016-10-26,2258422445,288016,498,14510,0,1,김태경,14,3,2
악질경찰,2019-03-20,2256615278,262233,833,22785,0,0,막심 파디브,6,2,0
음치 클리닉,2012-11-29,2248238000,338168,360,16243,0,0,조성희,11,2,2
미나문방구,2013-05-16,2247017000,334323,385,16653,0,0,브라이언 피,6,3,0
비행기 2: 소방구조대,2014-08-13,2246970700,311456,341,6562,1,0,조진모,0,1,2
도리화가,2015-11-25,2246950339,317505,563,19168,0,0,조성희,4,2,2
패딩턴,2015-01-07,2246438729,305102,408,9738,1,0,티무르 베크맘베토브,8,3,1
대한민국 1%,2010-05-05,2244690500,440372,286,20352,0,0,폴 킹,0,3,0
검우강호,2010-10-14,2242810500,312283,344,20571,1,1,박지완,4,3,1
"러브, 로지",2014-12-10,2223782646,292177,379,11935,1,0,샘 멘데스,4,2,2
구스범스,2016-01-14,2221639712,297356,515,13477,1,0,애덤 윈가드,2,2,1
차이니즈 조디악,2013-02-27,2211711500,315305,300,13432,1,0,허인무,4,2,0
후드,2018-11-28,2203434149,284601,628,14338,1,1,우민호,5,3,3
천로역정: 천국을 찾아서,2019-06-13,2202838010,296588,381,8329,1,1,제임스 카메론,11,2,2
오즈의 마법사: 돌아온 도로시,2015-02-12,2176416000,298482,330,7787,1,1,김대우,4,3,3
프랑켄슈타인: 불멸의 영웅,2014-02-06,2175466123,299205,378,12113,1,0,젠디 타타코브스키,6,2,0
인서전트,2015-03-25,2158449889,282662,480,18214,1,0,제임스 건,2,3,1
로렉스,2012-05-03,2153198000,298780,463,7843,1,0,정식,12,3,2
극장판 짱구는 못말려: 아뵤! 쿵후 보이즈 ~라면 대란~,2018-12-19,2148708050,277206,489,5329,1,0,데이비드 F. 샌드버그,14,3,2
내가 죽던 날,2020-11-12,2135396020,233112,909,29390,0,0,애너 보든,2,3,1
앨빈과 슈퍼밴드: 악동 어드벤처,2016-02-04,2125772200,292495,380,8917,1,1,톰 후퍼,4,3,1
헨젤과 그레텔: 마녀 사냥꾼 3D,2013-02-14,2122205602,269510,297,10624,1,0,캐시 얀,2,1,2
기묘한 가족,2019-02-13,2121514275,263598,625,15314,0,1,웨스 볼,2,3,1
주먹왕 랄프,2012-12-19,2116917500,301436,286,7086,1,0,데오도르 멜피,4,3,1
신데렐라:마법 반지의 비밀,2019-02-20,2114475240,284922,575,9977,1,1,피터 잭슨,3,3,1
다이노 타임,2015-04-30,2108596800,284900,430,6713,0,0,조셉 코신스키,2,3,2
이스케이프 플랜,2013-12-05,2106938679,292892,287,10331,1,1,김진영,11,3,2
바울,2018-10-31,2100137400,267785,227,8455,1,1,김민석,7,3,2
친구와 연인사이,2011-02-10,2099697500,267843,183,9010,1,0,이시다테 타이치,6,2,0
함정,2015-09-10,2090877200,257990,445,10899,0,1,마이클 앱티드,3,3,0
투모로우랜드,2015-05-27,2083283000,265810,435,14640,1,0,이철하,0,3,2
"극장판 포켓몬스터 베스트위시: 신의 속도 게노세크트, 뮤츠의 각성",2014-01-09,2080468500,320409,406,8363,1,0,황병국,2,3,2
뮬란,2020-09-17,2079737620,236247,1420,38703,1,0,그레고어 얼러,4,3,1
울프맨,2010-02-11,2062933500,265409,263,13920,1,0,필 존스턴,6,3,0
라스트 크리스마스,2019-12-05,2058391130,249323,623,14580,1,0,딘 패리소트,2,3,2
스파이 브릿지,2015-11-05,2049608478,264872,425,12434,1,1,김광빈,9,3,2
상하이,2011-01-27,2039939000,269157,223,13005,1,0,데이미언 셔젤,4,2,2
베스트 키드,2010-06-10,2031914500,287278,252,13464,1,1,토미 위르콜라,2,3,3
개를 훔치는 완벽한 방법,2014-12-31,2019629065,263300,199,8008,0,1,박훈정,5,3,3
백 투 더 비기닝,2015-02-26,2018287400,266610,423,13839,1,0,스콧 제프리,14,2,3
빌리와 용감한 녀석들 2,2013-02-21,2006325000,306837,289,7410,1,1,댄 스캔론,3,3,0
프레데터스,2010-08-26,1991492500,276536,231,14168,1,1,이민재,0,3,1
모모와 다락방의 수상한 요괴들,2012-07-05,1988264000,300174,253,7084,1,1,피터 잭슨,3,3,1
빌리와 용감한 녀석들 3D,2012-08-08,1961802000,299628,241,7176,1,1,타일러 새비지,12,1,2
카우보이 & 에이리언,2011-08-11,1930249000,256346,269,8244,1,0,크리스토퍼 랜던,0,2,2
롤러코스터,2013-10-17,1913087600,270148,374,14726,0,0,홍의정,5,3,2
위대한 쇼맨,2017-12-20,1897251570,306419,598,31915,1,0,이재한,10,3,2
장고:분노의 추적자,2013-03-21,1883634000,260144,342,11792,1,0,로슨 마샬 터버,2,3,2
프리즌 이스케이프,2020-05-06,1848297600,217056,547,29305,1,1,후안 안토니오 바요나,2,2,1
눈의 여왕,2013-02-07,1846221000,276913,316,6528,1,0,신근호,0,4,2
줄리아의 눈,2011-03-31,1827252000,236365,232,15411,1,1,크리스토퍼 놀란,2,3,2
메리 포핀스 리턴즈,2019-02-14,1816281960,224160,573,11128,1,0,마이클 베이,2,3,1
파이스토리 : 악당상어 소탕작전,2013-01-10,1808263000,267440,298,7483,1,1,믹키 리델,4,2,2
밤의 여왕,2013-10-17,1762892500,252475,333,13286,0,1,세딕 니콜라스 트로얀,2,3,1
월 스트리트: 머니 네버 슬립스,2010-10-21,1760899000,241438,288,14013,1,1,존 허즈펠드,2,1,3
신비아파트 극장판 하늘도깨비 대 요르문간드,2019-12-19,1757416340,222234,539,8629,0,0,매튜 본,2,3,3
사랑은 너무 복잡해,2010-03-11,1741752000,234083,180,12117,1,0,이반 라이트만,0,2,3
극장판 도라에몽: 진구의 인어대해전,2010-07-28,1741701000,260701,140,5639,1,0,최윤석,6,3,0
적과의 동침,2011-04-27,1740340000,243094,391,14069,0,0,로버트 렌스,6,3,0
명탐정 코난: 감청의 권,2019-07-24,1740310530,219078,602,8790,1,0,웨스 볼,2,3,1
조제,2020-12-10,1673427570,186647,1179,38291,0,0,장철수,2,3,2
사라진 시간,2020-06-18,1652522580,185802,874,20790,0,1,크리스토퍼 맥쿼리,2,3,2
마마,2011-06-01,1642407500,243209,269,12667,0,0,신카이 마코토,6,3,2
극장판 포켓 몬스터 DP 「환영의 패왕 조로아크」,2010-12-23,1631689000,234093,139,4502,1,1,앤드류 하얏트,4,2,2
기생충,2019-05-30,1576539450,227870,456,13536,0,0,류승완,2,3,2
포드 V 페라리,2019-12-04,1474949540,162730,204,6867,1,0,페이튼 리드,2,3,1
"울지마, 톤즈",2010-09-09,1439624500,260998,73,8039,0,1,린 사우더랜드,6,3,0
미스터트롯: 더 무비,2020-10-22,1288696100,150090,449,15980,0,1,이정범,2,2,3
극장판 포켓몬스터 베스트위시「큐레무 VS 성검사 케르디오」,2012-12-19,1281250750,329560,275,5943,1,0,문제용,4,2,2
타오르는 여인의 초상,2020-01-16,1251474838,148644,156,7626,1,1,조성희,11,2,2
나이브스 아웃,2019-12-04,1225050880,147395,163,6812,1,1,김광식,2,3,1
알라딘,2019-05-23,1205410680,171494,549,15752,1,0,크리스토퍼 놀란,2,3,2
트롤: 월드 투어,2020-04-29,1170580320,152589,344,15459,1,0,김용화,3,3,1
브레이크 더 사일런스: 더 무비,2020-09-24,1160249000,131693,205,10604,0,1,김학순,4,3,1
다크 워터스,2020-03-11,1101919740,127902,575,21739,1,1,허진호,13,2,1
애니멀 크래커,2020-08-05,1028859740,129688,473,7473,1,1,토드 필립스,12,1,2
언힌지드,2020-10-07,1018720190,118570,676,19770,1,1,마이클 베이,7,3,1
극장판 짱구는 못말려: 신혼여행 허리케인~ 사라진 아빠!,2020-08-20,1004751550,123329,661,13299,1,0,이재규,4,3,2
21 브릿지: 테러 셧다운,2020-01-01,978201230,127616,228,7686,1,1,김주환,2,2,2
조조 래빗,2020-02-05,965388200,112136,277,9147,1,0,미하 로사,10,2,2
언더워터,2020-05-27,937112800,109207,594,18257,1,0,이해영,5,3,2
수퍼 소닉,2020-02-12,932457150,118725,609,11143,1,0,여인영,6,6,0
패왕별희 디 오리지널,2017-03-30,926248060,102205,409,11661,1,1,존 파브로,8,3,0
디바,2020-09-23,901717350,108122,831,18923,0,1,장준환,4,3,2
기기괴괴 성형수,2020-09-09,873204560,103426,276,13517,0,1,양우석,4,3,2
죽지않는 인간들의 밤,2020-09-29,852639440,104034,570,12667,0,1,장이머우,5,3,2
라라랜드,2016-12-07,828981420,140437,387,17953,1,1,라이언 쿠글러,2,1,1
레이니 데이 인 뉴욕,2020-05-06,786619700,88768,563,16054,1,1,원신연,2,3,2
극장판 포켓몬스터 뮤츠의 역습 EVOLUTION,2020-09-30,780549310,97392,591,7752,1,1,마크 웹,2,2,1
저 산 너머,2020-04-30,772685300,103534,468,13037,0,1,돈 E. 폰트르로이,14,2,2
주디,2020-03-25,760720060,92466,479,17214,1,1,매튜 본,2,3,3
나의 청춘은 너의 것,2020-04-29,718942500,84847,533,12270,1,1,장훈,2,2,2
페이트 스테이 나이트 헤븐즈필 제3장 스프링 송,2020-10-22,696241320,76787,149,5615,1,1,손용호,5,3,2
에어로너츠,2020-06-10,691318500,79903,534,11550,1,1,해스래프 둘룰,7,1,1
젠틀맨,2020-02-26,665658710,81482,586,14748,1,1,자레드 헤스,0,3,2
엽문4: 더 파이널,2020-04-01,630556300,72886,206,10386,1,1,데이빗 예이츠,3,3,1
소년시절의 너,2020-07-09,622230500,73541,252,8074,1,1,이석훈,4,2,1
극장판 미니특공대: 공룡왕 디노,2020-02-06,620860720,79772,485,6333,0,1,브릿 네이피어,12,3,3
더 플랫폼,2020-05-13,604615000,66038,228,9706,1,1,이한,4,2,1
호텔 레이크,2020-04-29,598748200,71324,465,9682,0,1,타이카 와이티티,2,3,1
빅샤크3: 젤리몬스터 대소동,2020-07-29,562559660,72912,400,5259,1,1,조의석,5,3,2
카페 벨에포크,2020-05-20,550495880,66078,463,10688,1,1,마크 포스터,4,2,2
뉴 뮤턴트,2020-09-10,546115880,61897,817,15048,1,0,피트 닥터,6,3,0
해리포터와 아즈카반의 죄수,2004-07-16,529704500,58349,47,3414,1,0,윤종빈,2,2,2
프린스 코기,2019-12-24,498854680,71207,242,2179,1,1,더그 라이만,2,3,1
마이 스파이,2020-04-29,482594500,56282,240,7466,1,1,김석윤,0,3,1
나의 첫 번째 슈퍼스타,2020-06-10,474367360,53748,462,8832,1,0,박훈정,5,3,3
위플래쉬,2015-03-12,473128620,53336,482,8264,1,0,마크 웹,2,2,1
극장판 바이올렛 에버가든,2020-11-12,467986490,55030,131,5063,1,1,박찬욱,12,3,3
극장판 미니특공대: 햄버거괴물의 습격,2020-09-30,465849080,57857,414,5084,0,1,윤종빈,5,2,3
더 프린세스 : 도둑맞은 공주,2020-08-12,457449660,55828,423,4192,1,1,황동혁,4,2,3
프리키 데스데이,2020-11-25,451225690,51812,631,12882,1,0,브라이언 싱어,7,3,1
날씨의 아이,2019-10-30,444956180,58968,194,5921,1,1,바이론 하워드,6,3,0
눈의 여왕4,2019-12-24,444649620,67159,271,2239,1,0,홍원찬,5,3,2
다크 나이트,2008-08-06,407193640,51681,378,4445,1,0,김주호,0,3,1
