moviename,openingdate,sales,attendance,screen,playcount,country,country_label,director,genre,genre_label,actor,filmrank,filmrank_label,openingmonth
극한직업,2019-01-23,139651845516,16265618,2003,292584,domestic,0,6834886,comedy,0,3,PG 15,0,1
명량,2014-07-30,135748398910,17613682,1587,188611,domestic,0,8982706,etc,1,3,PG 12,1,7
베테랑,2015-08-05,105168155250,13414009,1115,199231,domestic,0,7576385,action,2,3,PG 15,0,8
신과함께-인과 연,2018-08-01,102666146909,12274996,2235,179981,domestic,0,6491963,fantasy,3,3,PG 12,1,8
택시운전사,2017-08-02,95853645649,12186327,1906,184075,domestic,0,6849425,drama,4,3,PG 15,0,8
도둑들,2012-07-25,93664808500,12983178,1091,155392,domestic,0,12983178,crime,5,3,PG 15,0,7
부산행,2016-07-20,93178283048,11565479,1788,151315,domestic,0,5455944,action,2,3,PG 15,0,7
7번방의 선물,2013-01-23,91431914670,12811206,866,166815,domestic,0,4590240,comedy,0,3,PG 15,0,1
"광해, 왕이 된 남자",2012-09-13,88899448769,12319390,1001,203400,domestic,0,6423698,drama,4,3,PG 15,0,9
엑시트,2019-07-31,79232012162,9426011,1660,202223,domestic,0,9426011,action,2,2,PG 12,1,7
검사외전,2016-02-03,77320403264,9707581,1812,153532,domestic,0,9707581,crime,5,2,PG 15,0,2
트랜스포머 3,2011-06-29,74840681500,7784743,1409,124450,abroad,1,5231726,sf,7,3,PG 12,1,6
국제시장,2014-12-17,69841376134,8915904,1044,149061,domestic,0,8915904,drama,4,3,PG 12,1,12
설국열차,2013-08-01,67010087500,9349993,1128,124823,domestic,0,4788931,sf,7,3,PG 15,0,8
해적: 바다로 간 산적,2014-08-06,66370682706,8666046,910,133350,domestic,0,5951226,adventure,8,2,PG 12,1,8
관상,2013-09-11,66005427500,9134581,1240,125073,domestic,0,9134581,drama,4,3,PG 15,0,9
공조,2017-01-18,63783051326,7817618,1392,142989,domestic,0,4289071,action,2,3,PG 15,0,1
수상한 그녀,2014-01-22,62705348249,8657982,1027,136975,domestic,0,5723297,comedy,0,3,PG 15,0,1
내부자들,2015-11-19,56465665657,7055332,1129,152265,domestic,0,2977866,crime,5,3,X_rated,3,11
럭키,2016-10-13,56444461256,6975290,1234,155977,domestic,0,4078625,comedy,0,3,PG 15,0,10
미션 임파서블: 폴아웃,2018-07-25,55888375112,6584915,1957,101374,abroad,1,6355701,action,2,3,PG 15,0,7
최종병기 활,2011-08-10,55827861500,7470633,615,130054,domestic,0,7470633,action,2,3,PG 15,0,8
인천상륙작전,2016-07-27,55101410303,7049643,1049,97019,domestic,0,5189983,etc,1,3,PG 15,0,7
써니,2011-05-04,54035565100,7362657,546,149135,domestic,0,7362657,drama,4,3,PG 15,0,5
베를린,2013-01-30,52355568637,7166290,894,111744,domestic,0,7166290,drama,4,3,PG 12,1,1
군함도,2017-07-26,50510565168,6592151,2027,108775,domestic,0,7576385,action,2,3,PG 15,0,7
은밀하게 위대하게,2013-06-05,48700887413,6959083,1341,117461,domestic,0,6959083,action,2,3,PG 15,0,6
미션 임파서블: 로그네이션,2015-07-30,48547353607,6126488,1202,89682,abroad,1,6355701,action,2,3,PG 15,0,7
신과함께-죄와 벌,2017-12-20,47355583705,5872007,1644,121961,domestic,0,6491963,fantasy,3,3,PG 12,1,12
아저씨,2010-08-04,47101332000,6178248,501,109853,domestic,0,2347992,action,2,2,X_rated,3,8
늑대소년,2012-10-31,46590107000,6654390,854,109069,domestic,0,2833113,romance,10,2,PG 15,0,10
안시성,2018-09-19,46335334026,5440186,1540,110439,domestic,0,2450084,action,2,3,PG 12,1,9
연평해전,2015-06-24,45563228330,6043784,1013,114450,domestic,0,6043784,drama,4,3,PG 12,1,6
덕혜옹주,2016-08-03,44393828109,5599229,964,97312,domestic,0,3317126,etc,1,2,PG 12,1,8
청년경찰,2017-08-09,44381150516,5653270,1102,118544,domestic,0,5653270,action,2,2,PG 15,0,8
완벽한 타인,2018-10-31,44350807074,5293435,1325,143055,domestic,0,4571493,drama,4,3,PG 15,0,10
쿵푸팬더 2,2011-05-26,44298708500,5062720,948,101338,abroad,1,4523766,animation,6,6,G_rated,2,5
트랜스포머: 사라진 시대,2014-06-25,44012752845,5295836,1602,107875,abroad,1,5231726,sf,7,3,PG 12,1,6
더 킹,2017-01-18,43488814535,5317693,1310,107983,domestic,0,5317693,etc,1,2,PG 15,0,1
독전,2018-05-22,43485551113,5063684,1532,140007,domestic,0,2710049,crime,5,3,PG 15,0,5
1987,2017-12-27,42915772108,5290310,1122,110607,domestic,0,3842381,drama,4,3,PG 15,0,12
공작,2018-08-08,42788851176,4974520,1317,99001,domestic,0,2738003,crime,5,3,PG 15,0,8
검은 사제들,2015-11-05,42405282092,5442128,1109,131155,domestic,0,5442128,fear,12,2,PG 15,0,11
변호인,2013-12-18,41918383800,5687571,925,97261,domestic,0,2639183,drama,4,3,PG 15,0,12
남산의 부장들,2020-01-22,41225216650,4750345,1659,140051,domestic,0,2977866,drama,4,3,PG 15,0,1
봉오동 전투,2019-08-07,40588648538,4787538,1476,107030,domestic,0,3723063,action,2,3,PG 15,0,8
의형제,2010-02-04,40153729000,5416812,569,118243,domestic,0,6849425,action,2,2,PG 15,0,2
마스터,2016-12-21,39784641065,4935320,1501,70786,domestic,0,4935320,comedy,0,3,PG 15,0,12
숨바꼭질,2013-08-14,39602977500,5604103,779,88062,domestic,0,5604103,thriller,11,3,X_rated,3,8
나쁜 녀석들: 더 무비,2019-09-11,39560195124,4573902,1511,113938,domestic,0,2714941,crime,5,3,PG 15,0,9
히말라야,2015-12-16,39469775448,5129409,1095,81042,domestic,0,5951226,drama,4,2,PG 12,1,12
감시자들,2013-07-03,39380162179,5508017,949,100309,domestic,0,5508017,crime,5,3,PG 15,0,7
다만 악에서 구하소서,2020-08-05,38602260990,4357803,1998,193842,domestic,0,4357803,crime,5,3,PG 15,0,8
월드 워 Z,2013-06-20,38555356000,5237525,964,100823,abroad,1,2864863,drama,4,2,PG 15,0,6
완득이,2011-10-20,38526161500,5309928,629,117763,domestic,0,3154621,drama,4,2,PG 12,1,10
군도: 민란의 시대,2014-07-23,36988022499,4774931,1394,67237,domestic,0,4747401,action,2,2,PG 15,0,7
범죄와의 전쟁: 나쁜놈들 전성시대,2012-02-02,36538823500,4719872,713,91889,domestic,0,4747401,crime,5,2,X_rated,3,2
조선명탐정 : 각시투구꽃의 비밀,2011-01-27,35841769500,4786259,634,84189,domestic,0,3700803,comedy,0,3,PG 12,1,1
도가니,2011-09-22,35566854800,4662822,756,88337,domestic,0,5723297,drama,4,2,X_rated,3,9
아가씨,2016-06-01,35211229991,4287839,1171,90365,domestic,0,4287839,thriller,11,3,X_rated,3,6
신세계,2013-02-21,34881330905,4682492,671,90580,domestic,0,3081633,crime,5,3,X_rated,3,2
바람과 함께 사라지다,2012-08-08,34614661161,4909937,694,78591,domestic,0,2773699,comedy,0,3,PG 12,1,8
내 아내의 모든 것,2012-05-17,34223620500,4598821,563,91773,domestic,0,1590719,romance,10,3,PG 15,0,5
판도라,2016-12-07,33955398164,4313864,1184,90758,domestic,0,4414848,drama,4,3,PG 12,1,12
반도,2020-07-15,33072531280,3812250,2575,199048,domestic,0,5455944,action,2,2,PG 15,0,7
암수살인,2018-10-03,32995138548,3789321,1177,126127,domestic,0,2060633,crime,5,2,PG 15,0,10
아이언맨 2,2010-04-29,32635195500,4425003,921,87665,abroad,1,3141537,sf,7,3,PG 12,1,4
타짜-신의 손,2014-09-03,32373120927,4015361,890,80584,domestic,0,2637086,drama,4,3,X_rated,3,9
연가시,2012-07-05,32175400664,4515833,759,71928,domestic,0,4414848,drama,4,3,PG 15,0,7
쿵푸팬더3,2016-01-28,31340798156,3984812,1365,97404,abroad,1,4523766,animation,6,3,G_rated,2,1
꾼,2017-11-22,31312029795,4018035,1314,117398,domestic,0,4018035,crime,5,3,PG 15,0,11
남한산성,2017-10-03,31225083792,3849087,1229,71101,domestic,0,5723297,drama,4,3,PG 15,0,10
국가부도의 날,2018-11-28,30845862137,3747952,1180,100804,domestic,0,2253073,drama,4,3,PG 12,1,11
조선명탐정 : 사라진 놉의 딸,2015-02-11,30456879428,3872015,825,80499,domestic,0,3700803,comedy,0,3,PG 12,1,2
82년생 김지영,2019-10-23,30298542310,3678156,1486,145441,domestic,0,3678156,drama,4,2,PG 12,1,10
건축학개론,2012-03-22,30222696000,4111068,593,106067,domestic,0,4111068,romance,10,3,PG 12,1,3
댄싱퀸,2012-01-18,30130775500,4058225,544,80987,domestic,0,5951226,comedy,0,2,PG 12,1,1
역린,2014-04-30,29894266890,3849552,1054,83296,domestic,0,4571493,drama,4,3,PG 15,0,4
돈,2019-03-20,28870244062,3389125,1431,120809,domestic,0,1917918,comedy,0,3,PG 15,0,3
신의 한 수,2014-07-03,28812027456,3566852,794,77109,domestic,0,2862144,crime,5,3,PG 15,0,7
박수건달,2013-01-09,28343986569,3893216,603,60585,domestic,0,3893216,comedy,0,3,PG 15,0,1
그것만이 내 세상,2018-01-17,27450805382,3419339,956,95431,domestic,0,2154087,comedy,0,3,PG 12,1,1
드래곤 길들이기,2010-05-20,27040606000,2562412,563,57264,abroad,1,2356796,animation,6,3,G_rated,2,5
끝까지 간다,2014-05-29,27007303900,3450305,645,84875,domestic,0,4289071,crime,5,2,PG 15,0,5
탐정: 리턴즈,2018-06-13,26909459678,3152872,1137,107907,domestic,0,2152990,comedy,0,3,PG 15,0,6
터미네이터 제니시스,2015-07-02,26556715129,3240370,1113,77590,abroad,1,3140129,action,2,3,PG 15,0,7
전우치,2009-12-23,26345113000,3611472,556,73175,domestic,0,3611472,drama,4,3,PG 15,0,12
부러진 화살,2012-01-18,25878629500,3451025,530,71560,domestic,0,2087528,drama,4,3,PG 15,0,1
아이 캔 스피크,2017-09-21,25526451186,3279296,1140,93012,domestic,0,2137558,drama,4,2,PG 12,1,9
이끼,2010-07-14,25437300500,3350303,740,58198,domestic,0,1989220,drama,4,4,X_rated,3,7
나우 유 씨 미 2,2016-07-13,25116690113,3100113,1200,56981,abroad,1,1875958,crime,5,3,PG 12,1,7
가장 보통의 연애,2019-10-02,24885803430,2924563,1073,111527,domestic,0,2924563,romance,10,2,PG 15,0,10
드래곤 길들이기 2,2014-07-23,23979935189,3000056,829,51924,abroad,1,2356796,animation,6,3,G_rated,2,7
포화속으로,2010-06-16,23831958600,3330324,742,80091,domestic,0,5189983,etc,1,6,PG 12,1,6
프리즌,2017-03-23,23790276987,2931897,1047,89024,domestic,0,2931897,adventure,8,3,PG 15,0,3
말모이,2019-01-09,23685091520,2812877,1203,87591,domestic,0,2812877,drama,4,2,PG 12,1,1
스물,2015-03-25,23563421686,3044811,926,100161,domestic,0,6834886,comedy,0,3,PG 15,0,3
타워,2012-12-25,22996601500,3166425,638,58869,domestic,0,3166425,thriller,11,3,X_rated,3,12
퀵,2011-07-20,22960890000,3125069,514,60714,domestic,0,3125069,action,2,3,PG 15,0,7
슈렉 포에버,2010-07-01,22809145100,2223851,561,51317,abroad,1,1360205,animation,6,3,G_rated,2,7
방자전,2010-06-02,22490024000,2985483,495,67562,domestic,0,2213728,drama,4,3,X_rated,3,6
극비수사,2015-06-18,22389535897,2860786,894,66211,domestic,0,1917958,drama,4,2,PG 15,0,6
표적,2014-04-30,22256769300,2841828,716,72255,domestic,0,1662172,action,2,3,PG 15,0,4
고지전,2011-07-20,21968557600,2945137,585,53738,domestic,0,6849425,etc,1,3,PG 15,0,7
친구 2,2013-11-14,21795237513,2969900,968,69856,domestic,0,1917958,etc,1,3,X_rated,3,11
목격자,2018-08-15,21737061097,2524720,1021,71403,domestic,0,2524720,thriller,11,3,X_rated,3,8
하모니,2010-01-28,21641750000,3018131,384,77723,domestic,0,2368826,drama,4,3,PG 12,1,1
레드: 더 레전드,2013-07-18,21511371970,3004649,739,55733,abroad,1,3004649,action,2,3,PG 15,0,7
트랜스포머: 최후의 기사,2017-06-21,21501959228,2614601,1739,87234,abroad,1,5231726,action,2,3,PG 12,1,6
곤지암,2018-03-28,21442194144,2675575,1124,88477,domestic,0,2675575,fear,12,3,PG 15,0,3
살인자의 기억법,2017-09-06,21375287492,2658589,1064,88686,domestic,0,3723063,crime,5,3,PG 15,0,9
부당거래,2010-10-28,20996302500,2722996,502,69703,domestic,0,7576385,crime,5,3,X_rated,3,10
보안관,2017-05-03,20844488409,2588628,1091,63709,domestic,0,2588628,crime,5,3,PG 15,0,5
지금 만나러 갑니다,2018-03-14,20800916128,2602273,1191,97482,domestic,0,2602273,romance,10,2,PG 12,1,3
히트맨,2020-01-22,20614278000,2406232,1122,87782,domestic,0,2406232,comedy,0,3,PG 15,0,1
아수라,2016-09-28,20576226662,2594028,1278,68040,domestic,0,2594028,action,2,3,X_rated,3,9
증인,2019-02-13,20482789331,2534748,1047,89564,domestic,0,3154621,drama,4,2,PG 12,1,2
탐정 : 더 비기닝,2015-09-24,20463956973,2625686,764,54995,domestic,0,2317636,comedy,0,2,PG 15,0,9
내가 살인범이다,2012-11-08,20392266000,2729798,547,58409,domestic,0,1968939,action,2,2,X_rated,3,11
오싹한 연애,2011-12-01,20289813500,2777998,544,54630,domestic,0,2777998,romance,10,2,PG 12,1,12
조작된 도시,2017-02-09,20143992587,2515501,1019,62241,domestic,0,2515501,action,2,3,PG 15,0,2
사바하,2019-02-20,20007508194,2398519,1174,78096,domestic,0,2398519,mystery,9,3,PG 15,0,2
시라노; 연애조작단,2010-09-16,19838369000,2684783,415,77736,domestic,0,2137558,romance,10,3,PG 12,1,9
조선명탐정: 흡혈괴마의 비밀,2018-02-08,19822789764,2444136,1249,74953,domestic,0,3700803,adventure,8,3,PG 12,1,2
타짜: 원 아이드 잭,2019-09-11,19687029214,2229239,1429,66479,domestic,0,2229239,crime,5,3,X_rated,3,9
미션임파서블:고스트프로토콜,2011-12-15,19536876000,2533735,697,53514,abroad,1,1944199,action,2,2,PG 15,0,12
7광구,2011-08-04,19391653500,2242510,812,47346,domestic,0,2242510,sf,7,3,PG 15,0,8
후궁 : 제왕의 첩,2012-06-06,19330302500,2636320,624,69104,domestic,0,1520119,romance,10,3,X_rated,3,6
위험한 상견례,2011-03-31,19174920500,2595625,524,75068,domestic,0,1135495,romance,10,3,PG 15,0,3
나우 유 씨 미 : 마술사기단,2013-08-22,19146691869,2718227,691,54658,abroad,1,2718227,crime,5,3,PG 12,1,8
보스 베이비,2017-05-03,18936306704,2452245,1116,48379,abroad,1,1663938,animation,6,3,G_rated,2,5
브레이킹 던 part2,2012-11-15,18909583065,2654817,665,56995,abroad,1,1476866,drama,4,3,PG 15,0,11
신의 한 수: 귀수편,2019-11-07,18463776050,2157437,1246,82178,domestic,0,2862144,crime,5,3,PG 15,0,11
블라인드,2011-08-10,18390012500,2367942,404,49358,domestic,0,2367942,drama,4,3,PG 15,0,8
이웃사람,2012-08-22,18088462369,2434269,600,56752,domestic,0,2434269,thriller,11,3,X_rated,3,8
의뢰인,2011-09-29,17797042500,2393086,522,58414,domestic,0,2393086,drama,4,3,PG 15,0,9
가문의 영광4 - 가문의 수난,2011-09-07,17792219500,2368267,537,48432,domestic,0,2368267,comedy,0,3,PG 15,0,9
강남 1970,2015-01-21,17718699499,2192276,841,53304,domestic,0,1902415,action,2,3,X_rated,3,1
화이: 괴물을 삼킨 아이,2013-10-09,17695412795,2394453,817,59049,domestic,0,3842381,action,2,3,X_rated,3,10
장화신은 고양이,2012-01-12,17602643500,2080445,593,45451,abroad,1,2080445,animation,6,2,G_rated,2,1
악의 연대기,2015-05-14,17361815332,2192525,776,64351,domestic,0,2192525,crime,5,3,PG 15,0,5
협상,2018-09-19,17032133166,1967721,919,57926,domestic,0,1967721,crime,5,2,PG 15,0,9
백두산,2019-12-19,16921016530,1962407,1241,74413,domestic,0,1174169,drama,4,3,PG 12,1,12
굿바이 싱글,2016-06-29,16912706195,2108273,841,56380,domestic,0,2108273,comedy,0,3,PG 15,0,6
봉이 김선달,2016-07-06,16227052642,2051277,942,51418,domestic,0,2051277,comedy,0,3,PG 12,1,7
뷰티 인사이드,2015-08-20,16148479531,2053435,648,52618,domestic,0,2053435,romance,10,3,PG 12,1,8
논스톱,2014-02-27,16066549940,2084482,582,58217,abroad,1,2084482,action,2,2,PG 15,0,2
토르: 천둥의 신,2011-04-28,15985737000,1694562,496,45188,abroad,1,961906,fantasy,3,3,PG 12,1,4
#살아있다,2020-06-24,15968219900,1903992,1882,137073,domestic,0,1903992,drama,4,2,PG 15,0,6
마약왕,2018-12-19,15784724552,1813594,1297,41658,domestic,0,2977866,crime,5,3,X_rated,3,12
내부자들: 디 오리지널,2015-12-31,15742927260,1924720,838,45697,domestic,0,2977866,crime,5,3,X_rated,3,12
노아,2014-03-20,15514373500,2026594,952,56722,abroad,1,2026594,animation,6,3,G_rated,2,3
초능력자,2010-11-10,15374489000,2130606,612,58000,domestic,0,2130606,sf,7,3,PG 15,0,11
쩨쩨한 로맨스,2010-12-01,15338827000,2009586,450,46199,domestic,0,2317636,romance,10,2,X_rated,3,12
뺑반,2019-01-30,15224305848,1826912,1285,47215,domestic,0,1649509,crime,5,3,PG 15,0,1
몽타주,2013-05-16,15002458500,2095592,544,53195,domestic,0,2095592,thriller,11,3,PG 15,0,5
이클립스,2010-07-07,14945720000,2069246,535,46355,abroad,1,2069246,fantasy,3,3,PG 12,1,7
오늘의 연애,2015-01-14,14924654487,1891993,709,47237,domestic,0,1891993,romance,10,3,PG 15,0,1
담보,2020-09-29,14748867550,1719521,1342,110260,domestic,0,2368826,drama,4,3,PG 12,1,9
마당을 나온 암탉,2011-07-28,14668226000,2201273,363,39224,domestic,0,2201273,animation,6,3,G_rated,2,7
강철비2: 정상회담,2020-07-29,14661646110,1791533,2137,106658,domestic,0,2639183,drama,4,3,PG 15,0,7
남자가 사랑할 때,2014-01-22,14510222300,1979311,531,41123,domestic,0,1979311,drama,4,2,PG 15,0,1
지.아이.조 2,2013-03-28,14457048500,1855917,766,62627,abroad,1,1875958,action,2,3,PG 15,0,3
용의자,2013-12-24,14408028500,1954586,618,42310,domestic,0,1753320,drama,4,3,PG 12,1,12
삼진그룹 영어토익반,2020-10-21,13981414470,1571286,1615,139275,domestic,0,955734,drama,4,3,PG 12,1,10
악마를 보았다,2010-08-12,13919416500,1817063,490,42721,domestic,0,4658741,crime,5,2,X_rated,3,8
라스트 에어벤더,2010-08-19,13854892500,1371164,399,32416,abroad,1,1012844,fantasy,3,3,G_rated,2,8
해결사,2010-09-09,13844624000,1843404,525,59325,domestic,0,1843404,action,2,2,PG 15,0,9
걸캅스,2019-05-09,13812802134,1629528,973,63163,domestic,0,1629528,comedy,0,2,PG 15,0,5
연애의 온도,2013-03-21,13798864446,1865195,567,57847,domestic,0,1240838,romance,10,2,X_rated,3,3
도굴,2020-11-04,13764680410,1523514,1635,133284,domestic,0,1523514,crime,5,3,PG 12,1,11
글러브,2011-01-20,13756104000,1887731,605,44725,domestic,0,1989220,drama,4,3,G_rated,2,1
아이들...,2011-02-17,13579712500,1867849,504,41515,domestic,0,1867849,crime,5,3,PG 15,0,2
쎄시봉,2015-02-05,13571515911,1715370,829,51744,domestic,0,2137558,romance,10,3,PG 15,0,2
나의 PS 파트너,2012-12-06,13548606616,1786831,552,37625,domestic,0,1363183,romance,10,2,X_rated,3,12
코리아,2012-05-03,13448848500,1872681,537,49679,domestic,0,1753842,drama,4,2,PG 12,1,5
창궐,2018-10-25,13275772490,1599290,1351,60687,domestic,0,4289071,action,2,2,PG 15,0,10
성난황소,2018-11-22,13236490737,1593386,1010,48932,domestic,0,1593386,crime,5,2,PG 15,0,11
러브픽션,2012-02-29,13200412500,1726202,617,44130,domestic,0,1726202,romance,10,2,PG 15,0,2
터보,2013-07-25,13116737000,1924414,634,28783,abroad,1,1924414,animation,6,3,G_rated,2,7
스타트렉 다크니스,2013-05-30,12964828000,1605271,607,40504,abroad,1,1346973,action,2,3,PG 12,1,5
정직한 후보,2020-02-12,12854297030,1538038,1187,89425,domestic,0,1309893,comedy,0,3,PG 12,1,2
전설의 주먹,2013-04-10,12777314500,1744585,724,57593,domestic,0,1989220,action,2,3,X_rated,3,4
언터처블: 1%의 우정,2012-03-22,12735040000,1720472,454,48976,abroad,1,1720472,comedy,0,2,PG 12,1,3
평양성,2011-01-27,12684530500,1717566,483,41860,domestic,0,1424759,comedy,0,3,PG 12,1,1
임금님의 사건수첩,2017-04-26,12651193723,1635003,1054,53005,domestic,0,1753842,comedy,0,2,PG 12,1,4
마다가스카3 : 이번엔 서커스다!,2012-06-06,12521043500,1629799,564,34150,abroad,1,1571069,animation,6,3,G_rated,2,6
집으로 가는 길,2013-12-11,12373339745,1763231,740,39811,domestic,0,1763231,drama,4,2,PG 15,0,12
공범,2013-10-24,12333110882,1766285,611,51425,domestic,0,1766285,etc,1,3,PG 15,0,10
더 폰,2015-10-22,12309164568,1593694,794,53599,domestic,0,1593694,action,2,3,PG 15,0,10
두근두근 내 인생,2014-09-03,12291081634,1624601,629,40158,domestic,0,1624601,drama,4,3,PG 12,1,9
대호,2015-12-16,12104808332,1584168,892,39599,domestic,0,1584168,drama,4,3,X_rated,3,12
나의 특별한 형제,2019-05-01,12081618074,1478156,936,49927,domestic,0,1225293,drama,4,3,PG 12,1,5
그대를 사랑합니다,2011-02-17,12041827000,1645505,292,57869,domestic,0,1645505,drama,4,3,PG 15,0,2
파파로티,2013-03-14,11825934000,1716429,552,53601,domestic,0,1716429,drama,4,3,PG 15,0,3
하울링,2012-02-16,11765293500,1612554,550,44753,domestic,0,1902415,crime,5,2,PG 15,0,2
신들의 전쟁,2011-11-10,11726682000,1338411,525,46169,abroad,1,1338411,action,2,3,X_rated,3,11
해무(海霧),2014-08-13,11706782519,1475507,584,33490,domestic,0,1475507,drama,4,3,X_rated,3,8
피끓는 청춘,2014-01-22,11688382888,1676040,679,36082,domestic,0,1676040,comedy,0,3,PG 15,0,1
무적자,2010-09-16,11629780500,1546132,412,46186,domestic,0,1343677,action,2,3,PG 15,0,9
황해,2010-12-22,11524115000,1497242,618,23295,domestic,0,4188575,crime,5,3,X_rated,3,12
탐정 홍길동: 사라진 마을,2016-05-04,11516170845,1430885,764,41076,domestic,0,2833113,drama,4,2,PG 15,0,5
마다가스카의 펭귄,2014-12-31,11450482159,1512340,615,27171,abroad,1,1571069,animation,6,3,G_rated,2,12
골든슬럼버,2018-02-14,11412768798,1387508,833,42991,domestic,0,1387508,crime,5,3,PG 15,0,2
벤허,2016-09-14,11410860395,1400301,717,38941,abroad,1,872588,adventure,8,3,PG 12,1,9
인간중독,2014-05-14,11284912400,1441973,682,44057,domestic,0,2213728,drama,4,3,X_rated,3,5
용의자X,2012-10-18,11241013000,1552055,553,42989,domestic,0,1753320,drama,4,3,PG 12,1,10
클로젯,2020-02-05,10971962280,1270835,1197,71453,domestic,0,1270835,mystery,9,3,PG 15,0,2
새미의 어드벤쳐 2,2012-08-01,10856204000,1457380,486,26436,abroad,1,725482,animation,6,3,G_rated,2,8
브레이킹 던 part1,2011-11-30,10692564000,1459449,636,43060,abroad,1,1476866,drama,4,2,PG 15,0,11
특별시민,2017-04-26,10494768945,1362634,1154,46377,domestic,0,896785,drama,4,3,PG 15,0,4
궁합,2018-02-28,10478875438,1340117,966,52427,domestic,0,1340117,comedy,0,2,PG 12,1,2
장산범,2017-08-17,10341783083,1306438,711,34768,domestic,0,1306438,mystery,9,2,PG 15,0,8
퍼펙트맨,2019-10-02,10311352770,1240022,894,50055,domestic,0,1240022,comedy,0,2,PG 15,0,10
스윙키즈,2018-12-19,10308565602,1258811,984,32237,domestic,0,2637086,drama,4,3,PG 12,1,12
폼페이: 최후의 날,2014-02-20,10303127700,1373873,561,43288,abroad,1,845717,action,2,3,PG 15,0,2
스타트렉 비욘드,2016-08-17,10190375820,1157156,716,38199,abroad,1,1523348,action,2,3,PG 12,1,8
"힘을 내요, 미스터 리",2019-09-11,9930518906,1181960,990,41831,domestic,0,4078625,comedy,0,3,PG 12,1,9
특별수사: 사형수의 편지,2016-06-16,9929947065,1241899,691,39372,domestic,0,1241899,crime,5,3,PG 15,0,6
은교,2012-04-25,9918274444,1346359,521,41683,domestic,0,1295945,romance,10,3,X_rated,3,4
해빙,2017-03-01,9905406822,1204600,915,46227,domestic,0,1204600,thriller,11,3,PG 15,0,3
생일,2019-04-03,9885147340,1197565,878,71797,domestic,0,1197565,drama,4,2,G_rated,2,4
헬로우 고스트,2010-12-22,9796273500,1356230,472,22865,domestic,0,1262896,comedy,0,3,PG 12,1,12
바람 바람 바람,2018-04-05,9784385375,1194229,985,57939,domestic,0,6834886,comedy,0,3,X_rated,3,4
차형사,2012-05-30,9752555296,1346754,433,39152,domestic,0,1346754,comedy,0,3,PG 15,0,5
악녀,2017-06-08,9739662144,1208081,685,46070,domestic,0,1968939,action,2,3,X_rated,3,6
시간이탈자,2016-04-13,9731838195,1202384,733,55075,domestic,0,1202384,thriller,11,3,PG 15,0,4
점박이:한반도의 공룡3D,2012-01-26,9681445500,1050852,457,22475,domestic,0,713082,animation,6,3,G_rated,2,1
소스 코드,2011-05-04,9640238500,1277690,403,38744,abroad,1,1220482,action,2,2,PG 12,1,5
간기남,2012-04-11,9356404500,1246185,396,38155,domestic,0,1182231,thriller,11,3,X_rated,3,4
미스터 고,2013-07-17,9337976000,1328888,840,38263,domestic,0,6491963,drama,4,2,PG 12,1,7
간첩,2012-09-20,9316548500,1310895,576,41726,domestic,0,2977866,drama,4,3,PG 15,0,9
항거:유관순 이야기,2019-02-27,9291455101,1157949,1094,46159,domestic,0,1157949,drama,4,3,PG 12,1,2
심야의 F.M.,2010-10-14,9179170500,1208306,423,50423,domestic,0,1208306,thriller,11,4,X_rated,3,10
찌라시: 위험한 소문,2014-02-20,9111748087,1221427,560,37426,domestic,0,2450084,drama,4,3,PG 15,0,2
"당신, 거기 있어줄래요",2016-12-14,8999085248,1124815,767,39181,domestic,0,1168829,fantasy,3,3,PG 12,1,12
빅매치,2014-11-27,8952096578,1177438,627,38527,domestic,0,1177438,action,2,3,PG 15,0,11
간신,2015-05-21,8946842910,1110246,697,40580,domestic,0,1590719,drama,4,3,X_rated,3,5
돈의 맛,2012-05-17,8780178611,1166018,643,36922,domestic,0,1166018,drama,4,3,X_rated,3,5
장수상회,2015-04-09,8737364643,1165780,688,52928,domestic,0,861204,drama,4,3,PG 12,1,4
성난 변호사,2015-10-08,8723650039,1128288,607,36990,domestic,0,925955,crime,5,3,PG 15,0,10
천문: 하늘에 묻는다,2019-12-26,8695248070,1035024,929,43246,domestic,0,3317126,etc,1,2,PG 12,1,12
메가마인드,2011-01-13,8688842000,875631,414,22905,abroad,1,1663938,animation,6,3,G_rated,2,1
육혈포 강도단,2010-03-18,8651186000,1214237,319,51941,domestic,0,1368505,crime,5,3,PG 15,0,3
R2B: 리턴투베이스,2012-08-15,8602921371,1201944,539,32881,domestic,0,1201944,action,2,3,PG 15,0,8
깡철이,2013-10-02,8572344462,1209363,707,43102,domestic,0,1209363,etc,1,2,PG 15,0,10
더 웹툰: 예고살인,2013-06-27,8537683070,1201457,541,35931,domestic,0,1201457,fear,12,2,PG 15,0,6
웜 바디스,2013-03-14,8361708124,1169839,477,37960,abroad,1,1169839,comedy,0,3,PG 15,0,3
회사원,2012-10-11,8321175000,1110523,549,41275,domestic,0,1110523,action,2,2,X_rated,3,10
고령화 가족,2013-05-09,8169492153,1141222,583,37524,domestic,0,1343677,drama,4,3,PG 15,0,5
특수본,2011-11-24,8096052500,1118258,471,40881,domestic,0,1118258,action,2,3,PG 15,0,11
가디언즈,2012-11-29,8083010500,1056250,470,21045,abroad,1,1701053,action,2,3,PG 12,1,11
수상한 고객들,2011-04-14,7953428000,1059350,411,33930,domestic,0,1059350,comedy,0,1,PG 15,0,4
김종욱 찾기,2010-12-08,7894328000,1081748,427,31167,domestic,0,1309893,romance,10,2,PG 12,1,12
헝거게임: 캣칭 파이어,2013-11-21,7850816000,1125739,630,33686,abroad,1,928878,fantasy,3,3,PG 15,0,11
방황하는 칼날,2014-04-10,7828891800,989906,594,38850,domestic,0,1035829,thriller,11,2,X_rated,3,4
"고산자, 대동여지도",2016-09-07,7801007258,974262,765,38048,domestic,0,1989220,drama,4,2,G_rated,2,9
마루 밑 아리에티,2010-09-09,7649985500,1065967,337,29804,abroad,1,800649,animation,6,3,G_rated,2,9
오직 그대만,2011-10-20,7591008500,1027622,435,35365,domestic,0,1027622,romance,10,2,PG 15,0,10
불한당: 나쁜 놈들의 세상,2017-05-17,7587004625,939535,860,37913,domestic,0,1363183,crime,5,2,X_rated,3,5
심장이 뛴다,2011-01-05,7538083500,1006947,445,26778,domestic,0,1006947,etc,1,3,PG 15,0,1
염력,2018-01-31,7484644112,990104,1099,45623,domestic,0,5455944,comedy,0,2,PG 15,0,1
맨 인 블랙: 인터내셔널,2019-06-12,7464209570,851917,1151,40520,abroad,1,2252577,action,2,2,PG 12,1,6
허삼관,2015-01-14,7408943569,955679,621,27645,domestic,0,612913,drama,4,2,PG 12,1,1
셔터 아일랜드,2010-03-18,7407854500,990223,272,29043,abroad,1,787652,drama,4,2,PG 15,0,3
시체가 돌아왔다,2012-03-29,7360631000,986923,435,36705,domestic,0,986923,crime,5,3,PG 15,0,3
우리는 형제입니다,2014-10-23,7263255399,970373,566,41638,domestic,0,628336,comedy,0,3,PG 12,1,10
가문의 영광5 - 가문의 귀환,2012-12-19,7245056500,1012223,447,22573,domestic,0,686134,comedy,0,3,PG 15,0,12
원더풀 라디오,2012-01-05,7193596000,977470,474,29167,domestic,0,879493,drama,4,2,PG 15,0,1
스텝업4 : 레볼루션,2012-08-15,7157894000,953871,281,23522,abroad,1,639978,romance,10,2,PG 12,1,8
시동,2019-12-18,6876716560,792493,825,34835,domestic,0,792493,drama,4,3,PG 15,0,12
뽀로로 극장판 슈퍼썰매 대모험,2013-01-23,6826641500,931342,459,19941,domestic,0,661551,animation,6,3,G_rated,2,1
평행이론,2010-02-18,6793066000,921111,265,32341,domestic,0,921111,thriller,11,2,PG 15,0,2
점쟁이들,2012-10-03,6731202500,953682,479,31577,domestic,0,528858,comedy,0,3,PG 15,0,10
전국노래자랑,2013-05-01,6687636000,978413,581,41649,domestic,0,955734,comedy,0,3,PG 12,1,5
틴틴 : 유니콘호의 비밀,2011-12-07,6646528500,803256,644,31075,abroad,1,1107519,adventure,8,3,G_rated,2,12
극장판 헬로카봇 : 백악기 시대,2018-08-01,6589532500,879449,758,16173,domestic,0,613839,animation,6,3,G_rated,2,8
좋아해줘,2016-02-17,6572774337,848148,637,27125,domestic,0,848148,romance,10,3,PG 12,1,2
크루즈 패밀리,2013-05-16,6540951500,941824,525,21734,abroad,1,941824,animation,6,3,G_rated,2,5
레슬러,2018-05-09,6481379657,771141,957,43079,domestic,0,771141,drama,4,3,PG 15,0,5
체포왕,2011-05-04,6413325500,870887,407,32545,domestic,0,870887,comedy,0,2,PG 15,0,5
헝거게임: 모킹제이,2014-11-20,6400058044,854377,630,28796,abroad,1,928878,fantasy,3,3,PG 15,0,11
손님,2015-07-09,6385937880,828025,634,23404,domestic,0,828025,fantasy,3,3,PG 15,0,7
만추,2011-02-17,6313817000,845845,444,25590,domestic,0,845845,drama,4,2,PG 15,0,2
상류사회,2018-08-29,6313416163,768442,867,41725,domestic,0,768442,drama,4,2,X_rated,3,8
공각기동대 : 고스트 인 더 쉘,2017-03-29,6285970884,764072,807,36261,abroad,1,700351,sf,7,1,PG 15,0,3
기술자들,2014-12-24,6241817635,786257,481,18808,domestic,0,959726,crime,5,3,PG 15,0,12
새미의 어드벤쳐,2010-12-15,6108607500,647860,309,14302,abroad,1,725482,animation,6,3,G_rated,2,12
물괴,2018-09-12,6106452954,723622,1183,46022,domestic,0,925955,action,2,3,PG 15,0,9
레드슈즈,2019-07-25,6103833190,817729,717,20376,domestic,0,817729,animation,6,3,G_rated,2,7
열한시,2013-11-28,6097792000,870785,512,32536,domestic,0,2137558,thriller,11,3,PG 15,0,11
헝거게임: 더 파이널,2015-11-18,6069167163,806520,661,26973,abroad,1,928878,action,2,3,PG 15,0,11
남쪽으로 튀어,2013-02-06,5970851500,832894,428,23088,domestic,0,1294037,drama,4,3,PG 15,0,2
미확인 동영상 : 절대클릭금지,2012-05-30,5939840500,867386,361,25059,domestic,0,867386,fear,12,3,PG 15,0,5
뽀로로 극장판 보물섬 대모험,2019-04-25,5886383900,766843,797,20075,domestic,0,770293,animation,6,3,G_rated,2,4
관능의 법칙,2014-02-13,5858771500,781516,591,30630,domestic,0,879493,drama,4,3,X_rated,3,2
뽀로로 극장판 공룡섬 대모험,2017-12-07,5848888600,773743,803,18226,domestic,0,770293,animation,6,3,G_rated,2,12
고死 두 번째 이야기: 교생실습,2010-07-28,5802318000,857038,313,23307,domestic,0,857038,fear,12,3,PG 15,0,7
잭 리처,2013-01-17,5758577000,784031,431,19868,abroad,1,697564,action,2,2,PG 15,0,1
푸른소금,2011-08-31,5739824500,771699,476,28346,domestic,0,771699,drama,4,2,PG 15,0,8
삼총사 3D,2011-10-12,5731619500,660172,510,29377,abroad,1,845717,fantasy,3,3,PG 12,1,10
화이트: 저주의 멜로디,2011-06-09,5587166000,790954,311,28059,domestic,0,561357,fear,12,3,PG 15,0,6
트랜센던스,2014-05-14,5478536500,696436,417,23243,abroad,1,696436,action,2,3,PG 12,1,5
나는 왕이로소이다,2012-08-08,5455343404,790181,471,21898,domestic,0,790181,drama,4,3,PG 12,1,8
반창꼬,2012-12-19,5451422068,745262,381,20840,domestic,0,699682,drama,4,2,PG 15,0,12
풍산개,2011-06-23,5395201500,714136,286,19194,domestic,0,714136,drama,4,2,X_rated,3,6
더 파이브,2013-11-14,5343797000,731212,501,27308,domestic,0,731212,thriller,11,3,X_rated,3,11
상의원,2014-12-24,5293724564,676632,466,13809,domestic,0,592272,drama,4,3,PG 15,0,12
통증,2011-09-07,5246996000,700272,317,29211,domestic,0,1917958,drama,4,3,PG 15,0,9
널 기다리며,2016-03-10,5234303336,635235,551,33774,domestic,0,635235,thriller,11,3,X_rated,3,3
퍼펙트 게임,2011-12-21,5224000500,695312,396,21284,domestic,0,1391393,drama,4,3,PG 12,1,12
그날의 분위기,2016-01-14,5149571612,653287,592,27186,domestic,0,653287,romance,10,2,PG 15,0,1
내 깡패 같은 애인,2010-05-20,5028520000,688639,265,25806,domestic,0,2450084,comedy,0,2,PG 15,0,5
트롤,2017-02-16,5011161500,675966,622,18387,abroad,1,675966,animation,6,3,G_rated,2,2
신비아파트: 금빛 도깨비와 비밀의 동굴,2018-07-25,5001247250,678091,762,16175,domestic,0,678091,animation,6,3,G_rated,2,7
우는 남자,2014-06-04,4924852800,603495,508,22322,domestic,0,2347992,action,2,2,X_rated,3,6
사냥,2016-06-29,4912658515,645922,696,28862,domestic,0,645922,fear,12,3,X_rated,3,6
고양이: 죽음을 보는 두 개의 눈,2011-07-07,4780502000,672314,304,18972,domestic,0,672314,fear,12,3,PG 15,0,7
열정같은소리하고있네,2015-11-25,4758959902,654102,566,30459,domestic,0,699682,drama,4,2,PG 15,0,11
특종: 량첸살인기,2015-10-22,4754763118,616481,776,31783,domestic,0,1240838,thriller,11,3,PG 15,0,10
서부전선,2015-09-24,4751661400,609063,509,18935,domestic,0,609063,etc,1,2,PG 12,1,9
잭 리처: 네버 고 백,2016-11-30,4638072258,611097,667,23659,abroad,1,697564,action,2,2,PG 15,0,11
마음이2,2010-07-21,4631432000,696382,262,20458,domestic,0,696382,etc,1,3,G_rated,2,7
콰이어트 플레이스,2018-04-12,4580889849,526073,677,30760,abroad,1,526073,thriller,11,3,PG 15,0,4
극장판 헬로카봇 : 달나라를 구해줘!,2019-09-04,4579618150,590413,889,20852,domestic,0,613839,animation,6,3,G_rated,2,9
플랜맨,2014-01-09,4528561558,632299,458,20459,domestic,0,632299,comedy,0,2,PG 15,0,1
콜롬비아나,2011-08-31,4514882000,598365,397,25622,abroad,1,1589298,action,2,2,PG 15,0,8
국제수사,2020-09-29,4496603760,537470,1074,41108,domestic,0,460403,action,2,3,PG 15,0,9
극장판 헬로카봇: 옴파로스 섬의 비밀,2019-01-31,4485953140,575362,752,15827,domestic,0,613839,animation,6,2,G_rated,2,1
헝거게임: 판엠의 불꽃,2012-04-05,4478418000,607956,514,24924,abroad,1,971892,fantasy,3,3,PG 15,0,4
더 임파서블,2013-01-17,4445235500,622704,407,19595,abroad,1,3141916,drama,4,3,PG 12,1,1
미쓰GO,2012-06-21,4441859000,611685,440,24851,domestic,0,611685,comedy,0,3,PG 15,0,6
오션스,2010-07-28,4403647500,640632,212,14915,abroad,1,640632,animation,6,3,G_rated,2,7
맨 온 렛지,2012-02-22,4393531500,591841,408,22440,abroad,1,591841,thriller,11,3,PG 15,0,2
피에타,2012-09-06,4355592500,603283,326,23106,domestic,0,603283,drama,4,2,X_rated,3,9
PMC: 더 벙커,2018-12-26,4320591057,492517,893,23116,domestic,0,492517,action,2,2,PG 15,0,12
반가운 살인자,2010-04-08,4285830500,590531,264,29724,domestic,0,590531,comedy,0,6,PG 15,0,4
얼라이드,2017-01-11,4278041179,518886,546,19875,abroad,1,518886,thriller,11,3,PG 15,0,1
레터스 투 줄리엣,2010-10-06,4270689500,582958,283,28683,abroad,1,582958,romance,10,3,PG 12,1,10
마이 웨이,2011-12-21,4181348000,556628,588,22546,domestic,0,861204,drama,4,3,PG 15,0,12
퍼스트 어벤져,2011-07-28,4161976500,514309,362,13941,abroad,1,389859,action,2,5,PG 12,1,7
몬스터,2014-03-13,4138207515,526557,527,25460,domestic,0,845717,action,2,2,PG 12,1,3
헬머니,2015-03-05,4120166972,522929,422,24846,domestic,0,522929,comedy,0,3,X_rated,3,3
백설공주,2012-05-03,4097396000,585473,386,20746,abroad,1,585473,animation,6,3,G_rated,2,5
섀도우 헌터스: 뼈의 도시,2013-09-12,4034176500,571074,374,18273,abroad,1,429176,fantasy,3,3,PG 15,0,9
파파,2012-02-01,4000072000,587291,414,24767,domestic,0,587291,etc,1,3,PG 12,1,2
사이코메트리,2013-03-07,3978495129,534273,429,23487,domestic,0,534273,drama,4,3,X_rated,3,3
7년의 밤,2018-03-28,3969337524,528007,872,26804,domestic,0,6423698,thriller,11,3,PG 15,0,3
트리플 엑스 리턴즈,2017-02-08,3967335095,475309,590,20692,abroad,1,564847,action,2,3,PG 15,0,2
라스트 갓파더,2010-12-29,3953691500,543544,493,8275,domestic,0,543544,comedy,0,3,PG 12,1,12
가려진 시간,2016-11-16,3946462400,510878,884,30404,domestic,0,510878,drama,4,3,PG 12,1,11
침묵,2017-11-02,3930219264,494097,634,23228,domestic,0,494097,drama,4,3,X_rated,3,11
극장판 요괴워치: 탄생의 비밀이다냥!,2015-07-22,3888539100,550924,509,11765,abroad,1,440824,animation,6,3,G_rated,2,7
챔프,2011-09-07,3850214500,534752,301,19668,domestic,0,4590240,drama,4,3,PG 12,1,9
너는 펫,2011-11-10,3810103000,543313,341,24395,domestic,0,543313,romance,10,2,PG 12,1,11
해어화,2016-04-13,3768200759,485695,572,32322,domestic,0,458502,drama,4,3,PG 15,0,4
명탐정 코난: 순흑의 악몽,2016-08-03,3766157500,508869,447,7983,abroad,1,499714,animation,6,3,PG 12,1,8
순수의 시대,2015-03-05,3740948828,469891,546,23623,domestic,0,469891,drama,4,3,X_rated,3,3
마담 뺑덕,2014-10-02,3728980590,471172,536,21636,domestic,0,471172,romance,10,3,X_rated,3,10
너의 췌장을 먹고 싶어,2017-10-25,3703660800,465265,218,16849,abroad,1,465265,animation,6,2,PG 12,1,10
엔더스 게임,2013-12-31,3695768000,487679,458,18384,abroad,1,487679,sf,7,3,PG 12,1,12
도라에몽 : 스탠 바이 미,2015-02-12,3684756429,503968,432,13063,abroad,1,503968,animation,6,3,G_rated,2,2
카운트다운,2011-09-29,3630557000,471547,341,20958,domestic,0,471547,fear,12,3,PG 15,0,9
슈퍼 에이트,2011-06-16,3622888500,472125,411,21883,abroad,1,1346973,mystery,9,3,PG 12,1,6
빅쇼트,2016-01-21,3622652707,446712,489,17316,abroad,1,1917918,drama,4,3,X_rated,3,1
남자사용설명서,2013-02-14,3606654257,507913,372,17238,domestic,0,592272,romance,10,3,PG 15,0,2
위험한 상견례 2,2015-04-29,3575384754,472693,429,18409,domestic,0,1135495,romance,10,3,PG 15,0,4
불량남녀,2010-11-04,3562190000,483387,338,24441,domestic,0,483387,comedy,0,4,PG 15,0,11
"로봇, 소리",2016-01-27,3519595560,476665,609,25502,domestic,0,476665,drama,4,3,PG 12,1,1
아부의 왕,2012-06-21,3511102500,497880,428,22060,domestic,0,497880,comedy,0,3,PG 15,0,6
강철비,2017-12-14,3494678900,438447,602,13598,domestic,0,2639183,drama,4,3,PG 15,0,12
조선미녀삼총사,2014-01-29,3471341321,480361,388,14031,domestic,0,480361,comedy,0,3,PG 12,1,1
페이스메이커,2012-01-18,3443753000,467697,412,21875,domestic,0,467697,drama,4,3,PG 12,1,1
나를 잊지 말아요,2016-01-07,3398915000,425799,559,19138,domestic,0,425799,romance,10,2,PG 15,0,1
무서운 이야기 2,2013-06-05,3393667500,495522,337,18509,domestic,0,379411,fear,12,3,PG 15,0,6
클라우드 아틀라스,2013-01-09,3385615727,449344,382,13627,abroad,1,449344,sf,7,3,X_rated,3,1
흥부: 글로 세상을 바꾼 자,2018-02-14,3381050200,416303,627,18671,domestic,0,1678389,drama,4,3,PG 12,1,2
락아웃: 익스트림미션,2012-06-14,3373780000,462176,374,22172,abroad,1,462176,sf,7,3,PG 15,0,6
명탐정 코난: 11번째 스트라이커,2012-07-19,3363777000,524914,350,10687,abroad,1,499714,animation,6,3,PG 12,1,7
"협녀, 칼의 기억",2015-08-13,3360045489,431310,572,16099,domestic,0,458502,action,2,3,PG 15,0,8
리얼,2017-06-28,3357312530,470105,970,25139,domestic,0,470105,crime,5,1,X_rated,3,6
적인걸: 측천무후의 비밀,2010-10-06,3342474000,459876,292,23640,abroad,1,459876,mystery,9,3,PG 12,1,10
범블비,2018-12-25,3334865955,394493,766,18199,abroad,1,394493,action,2,2,PG 12,1,12
반드시 잡는다,2017-11-29,3326439772,446780,565,24559,domestic,0,959726,thriller,11,2,PG 15,0,11
닌자터틀,2014-08-28,3321120147,400329,479,15188,abroad,1,400329,action,2,3,PG 12,1,8
원라인,2017-03-29,3319035433,435048,613,20788,domestic,0,435048,crime,5,3,PG 15,0,3
다이버전트,2014-04-16,3297769011,424045,511,21396,abroad,1,353353,action,2,3,PG 12,1,4
명탐정 코난 : 화염의 해바라기,2015-08-05,3296031400,471205,433,8877,abroad,1,499714,animation,6,3,G_rated,2,8
제미니 맨,2019-10-09,3295969230,387342,845,26044,abroad,1,987857,action,2,1,PG 12,1,10
캐치미,2013-12-18,3293262500,480434,517,16151,domestic,0,480434,comedy,0,2,PG 12,1,12
시즌 오브 더 위치: 마녀 호송단,2011-01-13,3277434500,435201,220,14539,abroad,1,435201,adventure,8,2,PG 15,0,1
명탐정 코난:진홍의 연가,2017-08-02,3268917200,450043,582,9763,abroad,1,499714,animation,6,3,PG 12,1,8
모비딕,2011-06-09,3264596000,430936,377,19894,domestic,0,896785,drama,4,3,PG 15,0,6
식객2 : 김치전쟁,2010-01-28,3243969500,462714,347,22753,domestic,0,462714,drama,4,3,G_rated,2,1
좋은 친구들,2014-07-10,3222101031,407228,371,17831,domestic,0,407228,crime,5,3,X_rated,3,7
익스펜더블 2,2012-09-06,3208867228,444434,393,20126,abroad,1,444434,action,2,3,PG 15,0,9
파라노말 액티비티,2010-01-13,3207923500,438402,184,17015,abroad,1,398427,fear,12,2,PG 15,0,1
조선마술사,2015-12-30,3143566733,403919,608,13708,domestic,0,1520119,drama,4,2,PG 12,1,12
극장판 공룡메카드: 타이니소어의 섬,2019-01-10,3140220420,410132,763,15121,domestic,0,613839,animation,6,3,G_rated,2,1
주온 : 끝의 시작,2014-07-16,3071127231,410644,394,15339,abroad,1,410644,fear,12,2,PG 15,0,7
넛잡 2,2017-10-03,3069388100,411787,526,10449,domestic,0,411787,animation,6,3,G_rated,2,10
랭고,2011-03-03,3043816000,430001,314,15179,abroad,1,408764,animation,6,1,G_rated,2,3
사랑이 무서워,2011-03-10,3020062500,402876,290,21341,domestic,0,402876,romance,10,2,PG 15,0,3
명탐정 코난 : 제로의 집행인,2018-08-08,3014920361,396230,542,8770,abroad,1,396230,animation,6,3,PG 12,1,8
두 개의 달,2012-07-12,2949348748,426706,347,16810,domestic,0,426706,mystery,9,3,PG 15,0,7
점박이 한반도의 공룡2 : 새로운 낙원,2018-12-25,2941541400,375312,672,6495,domestic,0,713082,animation,6,3,G_rated,2,12
클로버필드 10번지,2016-04-07,2928428655,357736,575,24680,abroad,1,357736,mystery,9,3,PG 15,0,4
나의 독재자,2014-10-30,2906674546,385932,654,24217,domestic,0,1174169,drama,4,2,PG 15,0,10
뽀로로 극장판 컴퓨터 왕국 대모험,2015-12-10,2902090600,391760,544,10893,domestic,0,661551,animation,6,3,G_rated,2,12
늑대소년-확장판,2012-12-06,2868180500,414064,278,11436,domestic,0,2833113,romance,10,2,PG 15,0,12
천재 강아지 미스터 피바디,2014-04-24,2859791400,385552,533,10520,abroad,1,385552,animation,6,3,G_rated,2,4
명탐정 코난 : 이차원의 저격수,2014-08-06,2768375000,398606,299,6834,abroad,1,499714,animation,6,2,PG 12,1,8
하이힐,2014-06-03,2750311500,341634,385,16750,domestic,0,628336,etc,1,3,X_rated,3,6
경성학교: 사라진 소녀들,2015-06-18,2749609100,356415,489,18520,domestic,0,2710049,mystery,9,3,PG 15,0,6
파라노말 액티비티 2,2010-10-21,2575677000,358453,196,13647,abroad,1,398427,fear,12,2,PG 15,0,10
허스토리,2018-06-27,2521025949,336822,696,20406,domestic,0,1590719,drama,4,2,PG 12,1,6
미성년,2019-04-11,2494615950,293352,673,27314,domestic,0,293352,drama,4,3,PG 15,0,4
극장판 요괴워치: 염라대왕과 5개의 이야기다냥!,2016-07-20,2467275080,330725,403,6607,abroad,1,440824,animation,6,3,G_rated,2,7
명탐정 코난 : 수평선상의 음모,2013-08-07,2465123000,389871,316,8196,abroad,1,504145,animation,6,2,PG 12,1,8
스폰지밥 3D,2015-02-18,2458946200,325016,357,8415,abroad,1,325016,animation,6,3,G_rated,2,2
무서운 이야기,2012-07-25,2452368566,331760,274,10268,domestic,0,561357,fear,12,3,PG 15,0,7
위대한 소원,2016-04-21,2440004213,308398,524,22769,domestic,0,297725,comedy,0,3,PG 15,0,4
잭 라이언 : 코드네임 쉐도우,2014-01-16,2395391500,327589,419,12908,abroad,1,961906,action,2,3,PG 12,1,1
미녀와 야수,2014-06-18,2393617300,316332,387,15414,abroad,1,1476866,fantasy,3,3,G_rated,2,6
킬러스,2010-09-02,2386700000,322888,282,17930,abroad,1,322888,action,2,2,PG 15,0,9
맨발의 꿈,2010-06-24,2372787500,331945,332,17790,domestic,0,2060633,drama,4,2,G_rated,2,6
짱구는 못말려 극장판 : 초시공! 태풍을 부르는 나의 신부,2011-05-05,2357563000,351742,306,7013,abroad,1,351742,animation,6,3,G_rated,2,5
마이 블랙 미니드레스,2011-03-24,2318884500,313953,325,20166,domestic,0,391624,drama,4,3,PG 15,0,3
세상에서 가장 아름다운 이별,2011-04-20,2296840000,316990,340,17456,domestic,0,1590719,drama,4,3,PG 15,0,4
음치 클리닉,2012-11-29,2248238000,338168,360,16243,domestic,0,1135495,romance,10,2,PG 12,1,11
미나문방구,2013-05-16,2247017000,334323,385,16653,domestic,0,334323,drama,4,2,G_rated,2,5
도리화가,2015-11-25,2246950339,317505,563,19168,domestic,0,955734,drama,4,3,PG 12,1,11
패딩턴,2015-01-07,2246438729,305102,408,9738,abroad,1,322058,comedy,0,3,G_rated,2,1
대한민국 1%,2010-05-05,2244690500,440372,286,20352,domestic,0,440372,drama,4,3,PG 12,1,5
"러브, 로지",2014-12-10,2223782646,292177,379,11935,abroad,1,292177,romance,10,2,PG 15,0,12
차이니즈 조디악,2013-02-27,2211711500,315305,300,13432,abroad,1,315305,adventure,8,2,PG 12,1,2
프랑켄슈타인: 불멸의 영웅,2014-02-06,2175466123,299205,378,12113,abroad,1,299205,action,2,3,PG 12,1,2
인서전트,2015-03-25,2158449889,282662,480,18214,abroad,1,353353,sf,7,3,PG 15,0,3
극장판 짱구는 못말려: 아뵤! 쿵후 보이즈 ~라면 대란~,2018-12-19,2148708050,277206,489,5329,abroad,1,277206,animation,6,3,G_rated,2,12
헨젤과 그레텔: 마녀 사냥꾼 3D,2013-02-14,2122205602,269510,297,10624,abroad,1,586342,action,2,3,X_rated,3,2
다이노 타임,2015-04-30,2108596800,284900,430,6713,domestic,0,284900,animation,6,3,G_rated,2,4
친구와 연인사이,2011-02-10,2099697500,267843,183,9010,abroad,1,267843,comedy,0,2,X_rated,3,2
"극장판 포켓몬스터 베스트위시: 신의 속도 게노세크트, 뮤츠의 각성",2014-01-09,2080468500,320409,406,8363,abroad,1,276411,animation,6,1,G_rated,2,1
상하이,2011-01-27,2039939000,269157,223,13005,abroad,1,269157,comedy,0,3,PG 12,1,1
백 투 더 비기닝,2015-02-26,2018287400,266610,423,13839,abroad,1,266610,sf,7,3,PG 15,0,2
카우보이 & 에이리언,2011-08-11,1930249000,256346,269,8244,abroad,1,3141537,action,2,3,PG 15,0,8
롤러코스터,2013-10-17,1913087600,270148,374,14726,domestic,0,612913,comedy,0,2,PG 15,0,10
눈의 여왕,2013-02-07,1846221000,276913,316,6528,abroad,1,172036,animation,6,3,G_rated,2,2
신비아파트 극장판 하늘도깨비 대 요르문간드,2019-12-19,1757416340,222234,539,8629,domestic,0,222234,animation,6,3,G_rated,2,12
극장판 도라에몽: 진구의 인어대해전,2010-07-28,1741701000,260701,140,5639,abroad,1,260701,animation,6,3,G_rated,2,7
적과의 동침,2011-04-27,1740340000,243094,391,14069,domestic,0,243094,thriller,11,2,X_rated,3,4
명탐정 코난: 감청의 권,2019-07-24,1740310530,219078,602,8790,abroad,1,219078,animation,6,3,PG 12,1,7
극장판 포켓몬스터 베스트 위시「비크티니와 백의 영웅 레시라무」,2011-12-22,1729310500,261757,237,3524,abroad,1,276411,animation,6,3,G_rated,2,12
마마,2011-06-01,1642407500,243209,269,12667,domestic,0,243209,drama,4,3,PG 15,0,6
기생충,2019-05-30,1576539450,227870,456,13536,domestic,0,4788931,drama,4,3,PG 15,0,5
극장판 포켓몬스터 베스트위시「큐레무 VS 성검사 케르디오」,2012-12-19,1281250750,329560,275,5943,abroad,1,276411,animation,6,3,G_rated,2,12
극장판 짱구는 못말려: 신혼여행 허리케인~ 사라진 아빠!,2020-08-20,1004751550,123329,661,13299,abroad,1,123329,animation,6,3,G_rated,2,8
위플래쉬,2015-03-12,473128620,53336,482,8264,abroad,1,286379,drama,4,2,PG 15,0,3
눈의 여왕4,2019-12-24,444649620,67159,271,2239,abroad,1,172036,animation,6,3,G_rated,2,12
