moviename,openingdate,sales,attendance,screen,playcount,distributor,distributor_label,director,genre,genre_label,actor,filmrank,filmrank_label,openingmonth
극한직업,2019-01-23,139651845516,16265618,2003,292584,major_domestic,0,6834886,comedy,0,3,PG 15,0,1
명량,2014-07-30,135748398910,17613682,1587,188611,major_domestic,0,8982706,etc,1,3,PG 12,1,7
베테랑,2015-08-05,105168155250,13414009,1115,199231,major_domestic,0,7576385,action,2,3,PG 15,0,8
신과함께-인과 연,2018-08-01,102666146909,12274996,2235,179981,major_domestic,0,6491963,fantasy,3,3,PG 12,1,8
택시운전사,2017-08-02,95853645649,12186327,1906,184075,major_domestic,0,6849425,drama,4,3,PG 15,0,8
도둑들,2012-07-25,93664808500,12983178,1091,155392,major_domestic,0,12983178,crime,5,3,PG 15,0,7
부산행,2016-07-20,93178283048,11565479,1788,151315,major_domestic,0,5455944,action,2,3,PG 15,0,7
7번방의 선물,2013-01-23,91431914670,12811206,866,166815,major_domestic,0,4590240,comedy,0,3,PG 15,0,1
"광해, 왕이 된 남자",2012-09-13,88899448769,12319390,1001,203400,major_domestic,0,6423698,drama,4,3,PG 15,0,9
엑시트,2019-07-31,79232012162,9426011,1660,202223,major_domestic,0,9426011,action,2,2,PG 12,1,7
검사외전,2016-02-03,77320403264,9707581,1812,153532,major_domestic,0,9707581,crime,5,2,PG 15,0,2
국제시장,2014-12-17,69841376134,8915904,1044,149061,major_domestic,0,8915904,drama,4,3,PG 12,1,12
설국열차,2013-08-01,67010087500,9349993,1128,124823,major_domestic,0,4788931,sf,7,3,PG 15,0,8
해적: 바다로 간 산적,2014-08-06,66370682706,8666046,910,133350,major_domestic,0,5951226,adventure,8,2,PG 12,1,8
관상,2013-09-11,66005427500,9134581,1240,125073,major_domestic,0,9134581,drama,4,3,PG 15,0,9
공조,2017-01-18,63783051326,7817618,1392,142989,major_domestic,0,4289071,action,2,3,PG 15,0,1
수상한 그녀,2014-01-22,62705348249,8657982,1027,136975,major_domestic,0,5723297,comedy,0,3,PG 15,0,1
밀정,2016-09-07,61269783831,7500420,1444,138161,major_abroad,1,4658741,action,2,2,PG 15,0,9
내부자들,2015-11-19,56465665657,7055332,1129,152265,major_domestic,0,2977866,crime,5,3,X_rated,3,11
럭키,2016-10-13,56444461256,6975290,1234,155977,major_domestic,0,4078625,comedy,0,3,PG 15,0,10
곡성,2016-05-12,55863520382,6879908,1485,130322,etc_distributor,2,4188575,mystery,9,3,PG 15,0,5
최종병기 활,2011-08-10,55827861500,7470633,615,130054,major_domestic,0,7470633,action,2,3,PG 15,0,8
인천상륙작전,2016-07-27,55101410303,7049643,1049,97019,major_domestic,0,5189983,etc,1,3,PG 15,0,7
써니,2011-05-04,54035565100,7362657,546,149135,major_domestic,0,7362657,drama,4,3,PG 15,0,5
베를린,2013-01-30,52355568637,7166290,894,111744,major_domestic,0,7166290,drama,4,3,PG 12,1,1
군함도,2017-07-26,50510565168,6592151,2027,108775,major_domestic,0,7576385,action,2,3,PG 15,0,7
은밀하게 위대하게,2013-06-05,48700887413,6959083,1341,117461,major_domestic,0,6959083,action,2,3,PG 15,0,6
신과함께-죄와 벌,2017-12-20,47355583705,5872007,1644,121961,major_domestic,0,6491963,fantasy,3,3,PG 12,1,12
아저씨,2010-08-04,47101332000,6178248,501,109853,major_domestic,0,2347992,action,2,2,X_rated,3,8
늑대소년,2012-10-31,46590107000,6654390,854,109069,major_domestic,0,2833113,romance,10,2,PG 15,0,10
안시성,2018-09-19,46335334026,5440186,1540,110439,major_domestic,0,2450084,action,2,3,PG 12,1,9
연평해전,2015-06-24,45563228330,6043784,1013,114450,major_domestic,0,6043784,drama,4,3,PG 12,1,6
덕혜옹주,2016-08-03,44393828109,5599229,964,97312,major_domestic,0,3317126,etc,1,2,PG 12,1,8
청년경찰,2017-08-09,44381150516,5653270,1102,118544,major_domestic,0,5653270,action,2,2,PG 15,0,8
완벽한 타인,2018-10-31,44350807074,5293435,1325,143055,major_domestic,0,4571493,drama,4,3,PG 15,0,10
더 킹,2017-01-18,43488814535,5317693,1310,107983,major_domestic,0,5317693,etc,1,2,PG 15,0,1
독전,2018-05-22,43485551113,5063684,1532,140007,major_domestic,0,2710049,crime,5,3,PG 15,0,5
1987,2017-12-27,42915772108,5290310,1122,110607,major_domestic,0,3842381,drama,4,3,PG 15,0,12
공작,2018-08-08,42788851176,4974520,1317,99001,major_domestic,0,2738003,crime,5,3,PG 15,0,8
검은 사제들,2015-11-05,42405282092,5442128,1109,131155,major_domestic,0,5442128,fear,12,2,PG 15,0,11
변호인,2013-12-18,41918383800,5687571,925,97261,major_domestic,0,2639183,drama,4,3,PG 15,0,12
남산의 부장들,2020-01-22,41225216650,4750345,1659,140051,major_domestic,0,2977866,drama,4,3,PG 15,0,1
봉오동 전투,2019-08-07,40588648538,4787538,1476,107030,major_domestic,0,3723063,action,2,3,PG 15,0,8
의형제,2010-02-04,40153729000,5416812,569,118243,major_domestic,0,6849425,action,2,2,PG 15,0,2
마스터,2016-12-21,39784641065,4935320,1501,70786,major_domestic,0,4935320,comedy,0,3,PG 15,0,12
숨바꼭질,2013-08-14,39602977500,5604103,779,88062,major_domestic,0,5604103,thriller,11,3,X_rated,3,8
나쁜 녀석들: 더 무비,2019-09-11,39560195124,4573902,1511,113938,major_domestic,0,2714941,crime,5,3,PG 15,0,9
히말라야,2015-12-16,39469775448,5129409,1095,81042,major_domestic,0,5951226,drama,4,2,PG 12,1,12
감시자들,2013-07-03,39380162179,5508017,949,100309,major_domestic,0,5508017,crime,5,3,PG 15,0,7
다만 악에서 구하소서,2020-08-05,38602260990,4357803,1998,193842,major_domestic,0,4357803,crime,5,3,PG 15,0,8
완득이,2011-10-20,38526161500,5309928,629,117763,major_domestic,0,3154621,drama,4,2,PG 12,1,10
군도: 민란의 시대,2014-07-23,36988022499,4774931,1394,67237,major_domestic,0,4747401,action,2,2,PG 15,0,7
범죄와의 전쟁: 나쁜놈들 전성시대,2012-02-02,36538823500,4719872,713,91889,major_domestic,0,4747401,crime,5,2,X_rated,3,2
조선명탐정 : 각시투구꽃의 비밀,2011-01-27,35841769500,4786259,634,84189,major_domestic,0,3700803,comedy,0,3,PG 12,1,1
도가니,2011-09-22,35566854800,4662822,756,88337,major_domestic,0,5723297,drama,4,2,X_rated,3,9
아가씨,2016-06-01,35211229991,4287839,1171,90365,major_domestic,0,4287839,thriller,11,3,X_rated,3,6
신세계,2013-02-21,34881330905,4682492,671,90580,major_domestic,0,3081633,crime,5,3,X_rated,3,2
바람과 함께 사라지다,2012-08-08,34614661161,4909937,694,78591,major_domestic,0,2773699,comedy,0,3,PG 12,1,8
내 아내의 모든 것,2012-05-17,34223620500,4598821,563,91773,major_domestic,0,1590719,romance,10,3,PG 15,0,5
판도라,2016-12-07,33955398164,4313864,1184,90758,major_domestic,0,4414848,drama,4,3,PG 12,1,12
반도,2020-07-15,33072531280,3812250,2575,199048,major_domestic,0,5455944,action,2,2,PG 15,0,7
암수살인,2018-10-03,32995138548,3789321,1177,126127,major_domestic,0,2060633,crime,5,2,PG 15,0,10
타짜-신의 손,2014-09-03,32373120927,4015361,890,80584,major_domestic,0,2637086,drama,4,3,X_rated,3,9
연가시,2012-07-05,32175400664,4515833,759,71928,major_domestic,0,4414848,drama,4,3,PG 15,0,7
꾼,2017-11-22,31312029795,4018035,1314,117398,major_domestic,0,4018035,crime,5,3,PG 15,0,11
남한산성,2017-10-03,31225083792,3849087,1229,71101,major_domestic,0,5723297,drama,4,3,PG 15,0,10
국가부도의 날,2018-11-28,30845862137,3747952,1180,100804,major_domestic,0,2253073,drama,4,3,PG 12,1,11
조선명탐정 : 사라진 놉의 딸,2015-02-11,30456879428,3872015,825,80499,major_domestic,0,3700803,comedy,0,3,PG 12,1,2
82년생 김지영,2019-10-23,30298542310,3678156,1486,145441,major_domestic,0,3678156,drama,4,2,PG 12,1,10
건축학개론,2012-03-22,30222696000,4111068,593,106067,major_domestic,0,4111068,romance,10,3,PG 12,1,3
댄싱퀸,2012-01-18,30130775500,4058225,544,80987,major_domestic,0,5951226,comedy,0,2,PG 12,1,1
역린,2014-04-30,29894266890,3849552,1054,83296,major_domestic,0,4571493,drama,4,3,PG 15,0,4
악인전,2019-05-15,29133760150,3364712,1307,97351,etc_distributor,2,1873097,crime,5,3,X_rated,3,5
돈,2019-03-20,28870244062,3389125,1431,120809,major_domestic,0,1917918,comedy,0,3,PG 15,0,3
신의 한 수,2014-07-03,28812027456,3566852,794,77109,major_domestic,0,2862144,crime,5,3,PG 15,0,7
박수건달,2013-01-09,28343986569,3893216,603,60585,major_domestic,0,3893216,comedy,0,3,PG 15,0,1
그것만이 내 세상,2018-01-17,27450805382,3419339,956,95431,major_domestic,0,2154087,comedy,0,3,PG 12,1,1
귀향,2016-02-24,27249738990,3587173,876,90286,etc_distributor,2,1834886,drama,4,3,PG 15,0,2
마녀,2018-06-27,27242029463,3189091,1117,90843,major_abroad,1,3081633,mystery,9,3,PG 15,0,6
끝까지 간다,2014-05-29,27007303900,3450305,645,84875,major_domestic,0,4289071,crime,5,2,PG 15,0,5
탐정: 리턴즈,2018-06-13,26909459678,3152872,1137,107907,major_domestic,0,2152990,comedy,0,3,PG 15,0,6
전우치,2009-12-23,26345113000,3611472,556,73175,major_domestic,0,3611472,drama,4,3,PG 15,0,12
부러진 화살,2012-01-18,25878629500,3451025,530,71560,major_domestic,0,2087528,drama,4,3,PG 15,0,1
아이 캔 스피크,2017-09-21,25526451186,3279296,1140,93012,major_domestic,0,2137558,drama,4,2,PG 12,1,9
이끼,2010-07-14,25437300500,3350303,740,58198,major_domestic,0,1989220,drama,4,4,X_rated,3,7
가장 보통의 연애,2019-10-02,24885803430,2924563,1073,111527,major_domestic,0,2924563,romance,10,2,PG 15,0,10
포화속으로,2010-06-16,23831958600,3330324,742,80091,major_domestic,0,5189983,etc,1,6,PG 12,1,6
프리즌,2017-03-23,23790276987,2931897,1047,89024,major_domestic,0,2931897,adventure,8,3,PG 15,0,3
말모이,2019-01-09,23685091520,2812877,1203,87591,major_domestic,0,2812877,drama,4,2,PG 12,1,1
너의 결혼식,2018-08-22,23676244369,2820969,970,98193,etc_distributor,2,2820969,romance,10,2,PG 12,1,8
스물,2015-03-25,23563421686,3044811,926,100161,major_domestic,0,6834886,comedy,0,3,PG 15,0,3
타워,2012-12-25,22996601500,3166425,638,58869,major_domestic,0,3166425,thriller,11,3,X_rated,3,12
퀵,2011-07-20,22960890000,3125069,514,60714,major_domestic,0,3125069,action,2,3,PG 15,0,7
방자전,2010-06-02,22490024000,2985483,495,67562,major_domestic,0,2213728,drama,4,3,X_rated,3,6
극비수사,2015-06-18,22389535897,2860786,894,66211,major_domestic,0,1917958,drama,4,2,PG 15,0,6
표적,2014-04-30,22256769300,2841828,716,72255,major_domestic,0,1662172,action,2,3,PG 15,0,4
고지전,2011-07-20,21968557600,2945137,585,53738,major_domestic,0,6849425,etc,1,3,PG 15,0,7
친구 2,2013-11-14,21795237513,2969900,968,69856,major_domestic,0,1917958,etc,1,3,X_rated,3,11
감기,2013-08-14,21774884000,3117859,806,55046,etc_distributor,2,3117859,drama,4,3,PG 15,0,8
목격자,2018-08-15,21737061097,2524720,1021,71403,major_domestic,0,2524720,thriller,11,3,X_rated,3,8
하모니,2010-01-28,21641750000,3018131,384,77723,major_domestic,0,2368826,drama,4,3,PG 12,1,1
곤지암,2018-03-28,21442194144,2675575,1124,88477,major_domestic,0,2675575,fear,12,3,PG 15,0,3
살인자의 기억법,2017-09-06,21375287492,2658589,1064,88686,major_domestic,0,3723063,crime,5,3,PG 15,0,9
26년,2012-11-29,21111878145,2940475,611,50044,etc_distributor,2,1678389,action,2,3,PG 15,0,11
부당거래,2010-10-28,20996302500,2722996,502,69703,major_domestic,0,7576385,crime,5,3,X_rated,3,10
블랙머니,2019-11-13,20863134010,2478964,1141,77469,etc_distributor,2,2087528,crime,5,2,PG 12,1,11
보안관,2017-05-03,20844488409,2588628,1091,63709,major_domestic,0,2588628,crime,5,3,PG 15,0,5
지금 만나러 갑니다,2018-03-14,20800916128,2602273,1191,97482,major_domestic,0,2602273,romance,10,2,PG 12,1,3
히트맨,2020-01-22,20614278000,2406232,1122,87782,major_domestic,0,2406232,comedy,0,3,PG 15,0,1
아수라,2016-09-28,20576226662,2594028,1278,68040,major_domestic,0,2594028,action,2,3,X_rated,3,9
증인,2019-02-13,20482789331,2534748,1047,89564,major_domestic,0,3154621,drama,4,2,PG 12,1,2
탐정 : 더 비기닝,2015-09-24,20463956973,2625686,764,54995,major_domestic,0,2317636,comedy,0,2,PG 15,0,9
내가 살인범이다,2012-11-08,20392266000,2729798,547,58409,major_domestic,0,1968939,action,2,2,X_rated,3,11
오싹한 연애,2011-12-01,20289813500,2777998,544,54630,major_domestic,0,2777998,romance,10,2,PG 12,1,12
조작된 도시,2017-02-09,20143992587,2515501,1019,62241,major_domestic,0,2515501,action,2,3,PG 15,0,2
사바하,2019-02-20,20007508194,2398519,1174,78096,major_domestic,0,2398519,mystery,9,3,PG 15,0,2
시라노; 연애조작단,2010-09-16,19838369000,2684783,415,77736,major_domestic,0,2137558,romance,10,3,PG 12,1,9
조선명탐정: 흡혈괴마의 비밀,2018-02-08,19822789764,2444136,1249,74953,major_domestic,0,3700803,adventure,8,3,PG 12,1,2
타짜: 원 아이드 잭,2019-09-11,19687029214,2229239,1429,66479,major_domestic,0,2229239,crime,5,3,X_rated,3,9
7광구,2011-08-04,19391653500,2242510,812,47346,major_domestic,0,2242510,sf,7,3,PG 15,0,8
후궁 : 제왕의 첩,2012-06-06,19330302500,2636320,624,69104,major_domestic,0,1520119,romance,10,3,X_rated,3,6
재심,2017-02-15,19266319637,2421197,935,68402,etc_distributor,2,1174004,drama,4,3,PG 15,0,2
위험한 상견례,2011-03-31,19174920500,2595625,524,75068,major_domestic,0,1135495,romance,10,3,PG 15,0,3
신의 한 수: 귀수편,2019-11-07,18463776050,2157437,1246,82178,major_domestic,0,2862144,crime,5,3,PG 15,0,11
화차,2012-03-08,18459428000,2436438,548,62643,etc_distributor,2,2436438,mystery,9,3,PG 15,0,3
블라인드,2011-08-10,18390012500,2367942,404,49358,major_domestic,0,2367942,drama,4,3,PG 15,0,8
박열,2017-06-28,18093639795,2359206,1176,78499,etc_distributor,2,1424759,drama,4,3,PG 12,1,6
이웃사람,2012-08-22,18088462369,2434269,600,56752,major_domestic,0,2434269,thriller,11,3,X_rated,3,8
명당,2018-09-19,17900775524,2087474,1117,58450,etc_distributor,2,1391393,etc,1,3,PG 12,1,9
의뢰인,2011-09-29,17797042500,2393086,522,58414,major_domestic,0,2393086,drama,4,3,PG 15,0,9
가문의 영광4 - 가문의 수난,2011-09-07,17792219500,2368267,537,48432,major_domestic,0,2368267,comedy,0,3,PG 15,0,9
강남 1970,2015-01-21,17718699499,2192276,841,53304,major_domestic,0,1902415,action,2,3,X_rated,3,1
화이: 괴물을 삼킨 아이,2013-10-09,17695412795,2394453,817,59049,major_domestic,0,3842381,action,2,3,X_rated,3,10
악의 연대기,2015-05-14,17361815332,2192525,776,64351,major_domestic,0,2192525,crime,5,3,PG 15,0,5
하녀,2010-05-13,17038639000,2267556,555,59621,etc_distributor,2,2267556,thriller,11,3,X_rated,3,5
협상,2018-09-19,17032133166,1967721,919,57926,major_domestic,0,1967721,crime,5,2,PG 15,0,9
백두산,2019-12-19,16921016530,1962407,1241,74413,major_domestic,0,1174169,drama,4,3,PG 12,1,12
굿바이 싱글,2016-06-29,16912706195,2108273,841,56380,major_domestic,0,2108273,comedy,0,3,PG 15,0,6
나의 사랑 나의 신부,2014-10-08,16636404305,2141155,629,69681,etc_distributor,2,2141155,romance,10,2,PG 15,0,10
내안의 그놈,2019-01-09,16302228567,1902828,1041,61683,etc_distributor,2,1368505,fantasy,3,3,PG 15,0,1
봉이 김선달,2016-07-06,16227052642,2051277,942,51418,major_domestic,0,2051277,comedy,0,3,PG 12,1,7
뷰티 인사이드,2015-08-20,16148479531,2053435,648,52618,major_domestic,0,2053435,romance,10,3,PG 12,1,8
#살아있다,2020-06-24,15968219900,1903992,1882,137073,major_domestic,0,1903992,drama,4,2,PG 15,0,6
마약왕,2018-12-19,15784724552,1813594,1297,41658,major_domestic,0,2977866,crime,5,3,X_rated,3,12
내부자들: 디 오리지널,2015-12-31,15742927260,1924720,838,45697,major_domestic,0,2977866,crime,5,3,X_rated,3,12
변신,2019-08-21,15417922925,1804112,975,63211,etc_distributor,2,1804112,fear,12,2,PG 15,0,8
초능력자,2010-11-10,15374489000,2130606,612,58000,major_domestic,0,2130606,sf,7,3,PG 15,0,11
쩨쩨한 로맨스,2010-12-01,15338827000,2009586,450,46199,major_domestic,0,2317636,romance,10,2,X_rated,3,12
뺑반,2019-01-30,15224305848,1826912,1285,47215,major_domestic,0,1649509,crime,5,3,PG 15,0,1
몽타주,2013-05-16,15002458500,2095592,544,53195,major_domestic,0,2095592,thriller,11,3,PG 15,0,5
오늘의 연애,2015-01-14,14924654487,1891993,709,47237,major_domestic,0,1891993,romance,10,3,PG 15,0,1
담보,2020-09-29,14748867550,1719521,1342,110260,major_domestic,0,2368826,drama,4,3,PG 12,1,9
마당을 나온 암탉,2011-07-28,14668226000,2201273,363,39224,major_domestic,0,2201273,animation,6,3,G_rated,2,7
강철비2: 정상회담,2020-07-29,14661646110,1791533,2137,106658,major_domestic,0,2639183,drama,4,3,PG 15,0,7
노무현입니다,2017-05-25,14556517612,1855149,775,61327,etc_distributor,2,1855149,etc,1,1,PG 12,1,5
남자가 사랑할 때,2014-01-22,14510222300,1979311,531,41123,major_domestic,0,1979311,drama,4,2,PG 15,0,1
용의자,2013-12-24,14408028500,1954586,618,42310,major_domestic,0,1753320,drama,4,3,PG 12,1,12
삼진그룹 영어토익반,2020-10-21,13981414470,1571286,1615,139275,major_domestic,0,955734,drama,4,3,PG 12,1,10
악마를 보았다,2010-08-12,13919416500,1817063,490,42721,major_domestic,0,4658741,crime,5,2,X_rated,3,8
해결사,2010-09-09,13844624000,1843404,525,59325,major_domestic,0,1843404,action,2,2,PG 15,0,9
걸캅스,2019-05-09,13812802134,1629528,973,63163,major_domestic,0,1629528,comedy,0,2,PG 15,0,5
연애의 온도,2013-03-21,13798864446,1865195,567,57847,major_domestic,0,1240838,romance,10,2,X_rated,3,3
도굴,2020-11-04,13764680410,1523514,1635,133284,major_domestic,0,1523514,crime,5,3,PG 12,1,11
글러브,2011-01-20,13756104000,1887731,605,44725,major_domestic,0,1989220,drama,4,3,G_rated,2,1
아이들...,2011-02-17,13579712500,1867849,504,41515,major_domestic,0,1867849,crime,5,3,PG 15,0,2
쎄시봉,2015-02-05,13571515911,1715370,829,51744,major_domestic,0,2137558,romance,10,3,PG 15,0,2
나의 PS 파트너,2012-12-06,13548606616,1786831,552,37625,major_domestic,0,1363183,romance,10,2,X_rated,3,12
제보자,2014-10-02,13515762802,1755181,676,58358,etc_distributor,2,1294037,drama,4,3,PG 12,1,10
코리아,2012-05-03,13448848500,1872681,537,49679,major_domestic,0,1753842,drama,4,2,PG 12,1,5
창궐,2018-10-25,13275772490,1599290,1351,60687,major_domestic,0,4289071,action,2,2,PG 15,0,10
성난황소,2018-11-22,13236490737,1593386,1010,48932,major_domestic,0,1593386,crime,5,2,PG 15,0,11
러브픽션,2012-02-29,13200412500,1726202,617,44130,major_domestic,0,1726202,romance,10,2,PG 15,0,2
정직한 후보,2020-02-12,12854297030,1538038,1187,89425,major_domestic,0,1309893,comedy,0,3,PG 12,1,2
도어락,2018-12-05,12792097886,1559616,954,53732,etc_distributor,2,1559616,thriller,11,3,PG 15,0,12
전설의 주먹,2013-04-10,12777314500,1744585,724,57593,major_domestic,0,1989220,action,2,3,X_rated,3,4
평양성,2011-01-27,12684530500,1717566,483,41860,major_domestic,0,1424759,comedy,0,3,PG 12,1,1
임금님의 사건수첩,2017-04-26,12651193723,1635003,1054,53005,major_domestic,0,1753842,comedy,0,2,PG 12,1,4
집으로 가는 길,2013-12-11,12373339745,1763231,740,39811,major_domestic,0,1763231,drama,4,2,PG 15,0,12
공범,2013-10-24,12333110882,1766285,611,51425,major_domestic,0,1766285,etc,1,3,PG 15,0,10
더 폰,2015-10-22,12309164568,1593694,794,53599,major_domestic,0,1593694,action,2,3,PG 15,0,10
두근두근 내 인생,2014-09-03,12291081634,1624601,629,40158,major_domestic,0,1624601,drama,4,3,PG 12,1,9
공모자들,2012-08-29,12240964500,1646142,496,44959,etc_distributor,2,959726,crime,5,3,X_rated,3,8
대호,2015-12-16,12104808332,1584168,892,39599,major_domestic,0,1584168,drama,4,3,X_rated,3,12
나의 특별한 형제,2019-05-01,12081618074,1478156,936,49927,major_domestic,0,1225293,drama,4,3,PG 12,1,5
그대를 사랑합니다,2011-02-17,12041827000,1645505,292,57869,major_domestic,0,1645505,drama,4,3,PG 15,0,2
차이나타운,2015-04-29,11990370378,1472106,551,45137,etc_distributor,2,1649509,crime,5,3,X_rated,3,4
리틀 포레스트,2018-02-28,11929202185,1506269,884,68414,etc_distributor,2,1506269,drama,4,3,PG 12,1,2
파파로티,2013-03-14,11825934000,1716429,552,53601,major_domestic,0,1716429,drama,4,3,PG 15,0,3
부라더,2017-11-02,11783109998,1492903,889,54975,etc_distributor,2,1492903,drama,4,2,X_rated,3,11
하울링,2012-02-16,11765293500,1612554,550,44753,major_domestic,0,1902415,crime,5,2,PG 15,0,2
우아한 거짓말,2014-03-13,11728460300,1619188,573,57492,etc_distributor,2,3154621,drama,4,3,PG 12,1,3
해무(海霧),2014-08-13,11706782519,1475507,584,33490,major_domestic,0,1475507,drama,4,3,X_rated,3,8
피끓는 청춘,2014-01-22,11688382888,1676040,679,36082,major_domestic,0,1676040,comedy,0,3,PG 15,0,1
무적자,2010-09-16,11629780500,1546132,412,46186,major_domestic,0,1343677,action,2,3,PG 15,0,9
황해,2010-12-22,11524115000,1497242,618,23295,major_domestic,0,4188575,crime,5,3,X_rated,3,12
탐정 홍길동: 사라진 마을,2016-05-04,11516170845,1430885,764,41076,major_domestic,0,2833113,drama,4,2,PG 15,0,5
골든슬럼버,2018-02-14,11412768798,1387508,833,42991,major_domestic,0,1387508,crime,5,3,PG 15,0,2
인간중독,2014-05-14,11284912400,1441973,682,44057,major_domestic,0,2213728,drama,4,3,X_rated,3,5
용의자X,2012-10-18,11241013000,1552055,553,42989,major_domestic,0,1753320,drama,4,3,PG 12,1,10
오케이 마담,2020-08-12,10981600110,1228968,1288,82969,etc_distributor,2,1146205,comedy,0,3,PG 15,0,8
클로젯,2020-02-05,10971962280,1270835,1197,71453,major_domestic,0,1270835,mystery,9,3,PG 15,0,2
브이아이피,2017-08-23,10956621835,1373316,996,44650,major_abroad,1,3081633,crime,5,3,X_rated,3,8
사라진 밤,2018-03-07,10697981316,1315726,925,60087,etc_distributor,2,1315726,thriller,11,3,PG 15,0,3
기억의 밤,2017-11-29,10646654660,1386611,759,52847,etc_distributor,2,1386611,mystery,9,2,PG 15,0,11
특별시민,2017-04-26,10494768945,1362634,1154,46377,major_domestic,0,896785,drama,4,3,PG 15,0,4
궁합,2018-02-28,10478875438,1340117,966,52427,major_domestic,0,1340117,comedy,0,2,PG 12,1,2
장산범,2017-08-17,10341783083,1306438,711,34768,major_domestic,0,1306438,mystery,9,2,PG 15,0,8
퍼펙트맨,2019-10-02,10311352770,1240022,894,50055,major_domestic,0,1240022,comedy,0,2,PG 15,0,10
스윙키즈,2018-12-19,10308565602,1258811,984,32237,major_domestic,0,2637086,drama,4,3,PG 12,1,12
구르믈 버서난 달처럼,2010-04-28,10241716500,1383867,506,48314,etc_distributor,2,1424759,drama,4,3,PG 15,0,4
유열의 음악앨범,2019-08-28,10233455040,1245532,1078,59626,etc_distributor,2,1295945,romance,10,2,PG 12,1,8
해치지않아,2020-01-15,10154099090,1209689,1216,53441,etc_distributor,2,903270,comedy,0,3,PG 12,1,1
런닝맨,2013-04-04,10060239500,1422844,567,45995,etc_distributor,2,1422844,animation,6,3,G_rated,2,4
"힘을 내요, 미스터 리",2019-09-11,9930518906,1181960,990,41831,major_domestic,0,4078625,comedy,0,3,PG 12,1,9
특별수사: 사형수의 편지,2016-06-16,9929947065,1241899,691,39372,major_domestic,0,1241899,crime,5,3,PG 15,0,6
은교,2012-04-25,9918274444,1346359,521,41683,major_domestic,0,1295945,romance,10,3,X_rated,3,4
해빙,2017-03-01,9905406822,1204600,915,46227,major_domestic,0,1204600,thriller,11,3,PG 15,0,3
생일,2019-04-03,9885147340,1197565,878,71797,major_domestic,0,1197565,drama,4,2,G_rated,2,4
헬로우 고스트,2010-12-22,9796273500,1356230,472,22865,major_domestic,0,1262896,comedy,0,3,PG 12,1,12
바람 바람 바람,2018-04-05,9784385375,1194229,985,57939,major_domestic,0,6834886,comedy,0,3,X_rated,3,4
차형사,2012-05-30,9752555296,1346754,433,39152,major_domestic,0,1346754,comedy,0,3,PG 15,0,5
악녀,2017-06-08,9739662144,1208081,685,46070,major_domestic,0,1968939,action,2,3,X_rated,3,6
시간이탈자,2016-04-13,9731838195,1202384,733,55075,major_domestic,0,1202384,thriller,11,3,PG 15,0,4
점박이:한반도의 공룡3D,2012-01-26,9681445500,1050852,457,22475,major_domestic,0,713082,animation,6,3,G_rated,2,1
챔피언,2018-05-01,9471138230,1128774,874,47320,major_abroad,1,1128774,drama,4,1,PG 15,0,5
간기남,2012-04-11,9356404500,1246185,396,38155,major_domestic,0,1182231,thriller,11,3,X_rated,3,4
미스터 고,2013-07-17,9337976000,1328888,840,38263,major_domestic,0,6491963,drama,4,2,PG 12,1,7
간첩,2012-09-20,9316548500,1310895,576,41726,major_domestic,0,2977866,drama,4,3,PG 15,0,9
항거:유관순 이야기,2019-02-27,9291455101,1157949,1094,46159,major_domestic,0,1157949,drama,4,3,PG 12,1,2
롱 리브 더 킹: 목포 영웅,2019-06-19,9228798910,1094404,965,38839,etc_distributor,2,1094404,action,2,3,PG 15,0,6
심야의 F.M.,2010-10-14,9179170500,1208306,423,50423,major_domestic,0,1208306,thriller,11,4,X_rated,3,10
찌라시: 위험한 소문,2014-02-20,9111748087,1221427,560,37426,major_domestic,0,2450084,drama,4,3,PG 15,0,2
"당신, 거기 있어줄래요",2016-12-14,8999085248,1124815,767,39181,major_domestic,0,1168829,fantasy,3,3,PG 12,1,12
장사리 : 잊혀진 영웅들,2019-09-25,8997921050,1140876,1090,47821,major_abroad,1,1917958,etc,1,3,PG 12,1,9
빅매치,2014-11-27,8952096578,1177438,627,38527,major_domestic,0,1177438,action,2,3,PG 15,0,11
간신,2015-05-21,8946842910,1110246,697,40580,major_domestic,0,1590719,drama,4,3,X_rated,3,5
슬로우 비디오,2014-10-02,8913092219,1169562,618,40665,etc_distributor,2,1262896,drama,4,2,PG 12,1,10
동주,2016-02-17,8889077089,1172641,543,39958,etc_distributor,2,1424759,drama,4,3,PG 12,1,2
미씽: 사라진 여자,2016-11-30,8881616256,1153109,790,40617,etc_distributor,2,2152990,mystery,9,2,PG 15,0,11
"날, 보러와요",2016-04-07,8836144063,1063442,683,49237,etc_distributor,2,1146205,mystery,9,3,X_rated,3,4
돈의 맛,2012-05-17,8780178611,1166018,643,36922,major_domestic,0,1166018,drama,4,3,X_rated,3,5
장수상회,2015-04-09,8737364643,1165780,688,52928,major_domestic,0,861204,drama,4,3,PG 12,1,4
성난 변호사,2015-10-08,8723650039,1128288,607,36990,major_domestic,0,925955,crime,5,3,PG 15,0,10
천문: 하늘에 묻는다,2019-12-26,8695248070,1035024,929,43246,major_domestic,0,3317126,etc,1,2,PG 12,1,12
육혈포 강도단,2010-03-18,8651186000,1214237,319,51941,major_domestic,0,1368505,crime,5,3,PG 15,0,3
R2B: 리턴투베이스,2012-08-15,8602921371,1201944,539,32881,major_domestic,0,1201944,action,2,3,PG 15,0,8
깡철이,2013-10-02,8572344462,1209363,707,43102,major_domestic,0,1209363,etc,1,2,PG 15,0,10
용서는 없다,2010-01-07,8544828000,1118277,323,33614,etc_distributor,2,1182231,crime,5,6,X_rated,3,1
더 웹툰: 예고살인,2013-06-27,8537683070,1201457,541,35931,major_domestic,0,1201457,fear,12,2,PG 15,0,6
결혼전야,2013-11-21,8434175719,1212843,524,38819,etc_distributor,2,1168829,romance,10,3,PG 15,0,11
회사원,2012-10-11,8321175000,1110523,549,41275,major_domestic,0,1110523,action,2,2,X_rated,3,10
고령화 가족,2013-05-09,8169492153,1141222,583,37524,major_domestic,0,1343677,drama,4,3,PG 15,0,5
그놈이다,2015-10-28,8096427152,1046015,681,38678,etc_distributor,2,1046015,thriller,11,3,PG 15,0,10
특수본,2011-11-24,8096052500,1118258,471,40881,major_domestic,0,1118258,action,2,3,PG 15,0,11
베스트셀러,2010-04-15,7983184500,1081752,308,41064,etc_distributor,2,1035829,mystery,9,1,PG 15,0,4
수상한 고객들,2011-04-14,7953428000,1059350,411,33930,major_domestic,0,1059350,comedy,0,1,PG 15,0,4
김종욱 찾기,2010-12-08,7894328000,1081748,427,31167,major_domestic,0,1309893,romance,10,2,PG 12,1,12
나랏말싸미,2019-07-24,7871240823,958775,1211,39206,etc_distributor,2,958775,drama,4,3,G_rated,2,7
결백,2020-06-10,7859629340,894025,1112,74532,etc_distributor,2,894025,drama,4,3,PG 15,0,6
방황하는 칼날,2014-04-10,7828891800,989906,594,38850,major_domestic,0,1035829,thriller,11,2,X_rated,3,4
"고산자, 대동여지도",2016-09-07,7801007258,974262,765,38048,major_domestic,0,1989220,drama,4,2,G_rated,2,9
파괴된 사나이,2010-07-01,7692092100,1012310,363,31985,etc_distributor,2,2977866,thriller,11,3,X_rated,3,7
오직 그대만,2011-10-20,7591008500,1027622,435,35365,major_domestic,0,1027622,romance,10,2,PG 15,0,10
불한당: 나쁜 놈들의 세상,2017-05-17,7587004625,939535,860,37913,major_domestic,0,1363183,crime,5,2,X_rated,3,5
심장이 뛴다,2011-01-05,7538083500,1006947,445,26778,major_domestic,0,1006947,etc,1,3,PG 15,0,1
"님아, 그 강을 건너지 마오",2014-11-27,7510901600,955433,486,26199,etc_distributor,2,955433,etc,1,2,G_rated,2,11
염력,2018-01-31,7484644112,990104,1099,45623,major_domestic,0,5455944,comedy,0,2,PG 15,0,1
허삼관,2015-01-14,7408943569,955679,621,27645,major_domestic,0,612913,drama,4,2,PG 12,1,1
미쓰 와이프,2015-08-13,7387086869,988451,437,28864,etc_distributor,2,1368505,comedy,0,2,PG 15,0,8
시체가 돌아왔다,2012-03-29,7360631000,986923,435,36705,major_domestic,0,986923,crime,5,3,PG 15,0,3
우리는 형제입니다,2014-10-23,7263255399,970373,566,41638,major_domestic,0,628336,comedy,0,3,PG 12,1,10
가문의 영광5 - 가문의 귀환,2012-12-19,7245056500,1012223,447,22573,major_domestic,0,686134,comedy,0,3,PG 15,0,12
원더풀 라디오,2012-01-05,7193596000,977470,474,29167,major_domestic,0,879493,drama,4,2,PG 15,0,1
방가? 방가!,2010-09-30,7013842000,972431,312,41556,etc_distributor,2,1225293,comedy,0,3,PG 12,1,9
인랑,2018-07-25,7006622673,898945,1085,25427,major_abroad,1,898945,thriller,11,3,PG 15,0,7
살인의뢰,2015-03-12,6986456737,855980,646,35244,etc_distributor,2,2714941,crime,5,3,X_rated,3,3
시동,2019-12-18,6876716560,792493,825,34835,major_domestic,0,792493,drama,4,3,PG 15,0,12
뽀로로 극장판 슈퍼썰매 대모험,2013-01-23,6826641500,931342,459,19941,major_domestic,0,661551,animation,6,3,G_rated,2,1
돈 크라이 마미,2012-11-22,6798882099,972962,444,29539,etc_distributor,2,972962,thriller,11,3,PG 15,0,11
평행이론,2010-02-18,6793066000,921111,265,32341,major_domestic,0,921111,thriller,11,2,PG 15,0,2
점쟁이들,2012-10-03,6731202500,953682,479,31577,major_domestic,0,528858,comedy,0,3,PG 15,0,10
전국노래자랑,2013-05-01,6687636000,978413,581,41649,major_domestic,0,955734,comedy,0,3,PG 12,1,5
극장판 헬로카봇 : 백악기 시대,2018-08-01,6589532500,879449,758,16173,major_domestic,0,613839,animation,6,3,G_rated,2,8
좋아해줘,2016-02-17,6572774337,848148,637,27125,major_domestic,0,848148,romance,10,3,PG 12,1,2
레슬러,2018-05-09,6481379657,771141,957,43079,major_domestic,0,771141,drama,4,3,PG 15,0,5
체포왕,2011-05-04,6413325500,870887,407,32545,major_domestic,0,870887,comedy,0,2,PG 15,0,5
손님,2015-07-09,6385937880,828025,634,23404,major_domestic,0,828025,fantasy,3,3,PG 15,0,7
만추,2011-02-17,6313817000,845845,444,25590,major_domestic,0,845845,drama,4,2,PG 15,0,2
상류사회,2018-08-29,6313416163,768442,867,41725,major_domestic,0,768442,drama,4,2,X_rated,3,8
대립군,2017-05-31,6276963402,837500,809,29084,etc_distributor,2,837500,drama,4,3,PG 15,0,5
기술자들,2014-12-24,6241817635,786257,481,18808,major_domestic,0,959726,crime,5,3,PG 15,0,12
물괴,2018-09-12,6106452954,723622,1183,46022,major_domestic,0,925955,action,2,3,PG 15,0,9
레드슈즈,2019-07-25,6103833190,817729,717,20376,major_domestic,0,817729,animation,6,3,G_rated,2,7
스플릿,2016-11-09,6102712539,758195,702,32616,etc_distributor,2,2253073,drama,4,3,PG 15,0,11
열한시,2013-11-28,6097792000,870785,512,32536,major_domestic,0,2137558,thriller,11,3,PG 15,0,11
미쓰백,2018-10-11,6040344066,722182,671,41961,etc_distributor,2,722182,drama,4,3,PG 15,0,10
남쪽으로 튀어,2013-02-06,5970851500,832894,428,23088,major_domestic,0,1294037,drama,4,3,PG 15,0,2
미확인 동영상 : 절대클릭금지,2012-05-30,5939840500,867386,361,25059,major_domestic,0,867386,fear,12,3,PG 15,0,5
카트,2014-11-13,5912676633,812490,544,28547,etc_distributor,2,812490,drama,4,3,PG 12,1,11
뽀로로 극장판 보물섬 대모험,2019-04-25,5886383900,766843,797,20075,major_domestic,0,770293,animation,6,3,G_rated,2,4
관능의 법칙,2014-02-13,5858771500,781516,591,30630,major_domestic,0,879493,drama,4,3,X_rated,3,2
뽀로로 극장판 공룡섬 대모험,2017-12-07,5848888600,773743,803,18226,major_domestic,0,770293,animation,6,3,G_rated,2,12
고死 두 번째 이야기: 교생실습,2010-07-28,5802318000,857038,313,23307,major_domestic,0,857038,fear,12,3,PG 15,0,7
푸른소금,2011-08-31,5739824500,771699,476,28346,major_domestic,0,771699,drama,4,2,PG 15,0,8
화이트: 저주의 멜로디,2011-06-09,5587166000,790954,311,28059,major_domestic,0,561357,fear,12,3,PG 15,0,6
국가대표 2,2016-08-10,5482232042,709929,562,20689,etc_distributor,2,709929,drama,4,3,PG 12,1,8
지푸라기라도 잡고 싶은 짐승들,2020-02-19,5457014750,628977,996,65645,etc_distributor,2,628977,crime,5,3,X_rated,3,2
나는 왕이로소이다,2012-08-08,5455343404,790181,471,21898,major_domestic,0,790181,drama,4,3,PG 12,1,8
반창꼬,2012-12-19,5451422068,745262,381,20840,major_domestic,0,699682,drama,4,2,PG 15,0,12
풍산개,2011-06-23,5395201500,714136,286,19194,major_domestic,0,714136,drama,4,2,X_rated,3,6
주유소 습격사건 2,2010-01-21,5379208500,729834,315,27844,etc_distributor,2,729834,comedy,0,3,PG 15,0,1
더 파이브,2013-11-14,5343797000,731212,501,27308,major_domestic,0,731212,thriller,11,3,X_rated,3,11
상의원,2014-12-24,5293724564,676632,466,13809,major_domestic,0,592272,drama,4,3,PG 15,0,12
통증,2011-09-07,5246996000,700272,317,29211,major_domestic,0,1917958,drama,4,3,PG 15,0,9
널 기다리며,2016-03-10,5234303336,635235,551,33774,major_domestic,0,635235,thriller,11,3,X_rated,3,3
광대들: 풍문조작단,2019-08-21,5228976088,637461,806,29048,major_abroad,1,2773699,drama,4,3,PG 12,1,8
퍼펙트 게임,2011-12-21,5224000500,695312,396,21284,major_domestic,0,1391393,drama,4,3,PG 12,1,12
그날의 분위기,2016-01-14,5149571612,653287,592,27186,major_domestic,0,653287,romance,10,2,PG 15,0,1
나를 찾아줘,2019-11-27,5117014620,645082,875,29475,major_abroad,1,645082,thriller,11,3,PG 15,0,11
미스터 주: 사라진 VIP,2020-01-22,5071671660,603203,692,28187,etc_distributor,2,1174004,comedy,0,3,PG 12,1,1
아빠는 딸,2017-04-12,5054757395,647305,586,33263,etc_distributor,2,647305,comedy,0,2,PG 12,1,4
내 깡패 같은 애인,2010-05-20,5028520000,688639,265,25806,major_domestic,0,2450084,comedy,0,2,PG 15,0,5
신비아파트: 금빛 도깨비와 비밀의 동굴,2018-07-25,5001247250,678091,762,16175,major_domestic,0,678091,animation,6,3,G_rated,2,7
우는 남자,2014-06-04,4924852800,603495,508,22322,major_domestic,0,2347992,action,2,2,X_rated,3,6
사냥,2016-06-29,4912658515,645922,696,28862,major_domestic,0,645922,fear,12,3,X_rated,3,6
침입자,2020-06-04,4810611000,532045,1365,53636,etc_distributor,2,532045,mystery,9,2,PG 15,0,6
고양이: 죽음을 보는 두 개의 눈,2011-07-07,4780502000,672314,304,18972,major_domestic,0,672314,fear,12,3,PG 15,0,7
열정같은소리하고있네,2015-11-25,4758959902,654102,566,30459,major_domestic,0,699682,drama,4,2,PG 15,0,11
특종: 량첸살인기,2015-10-22,4754763118,616481,776,31783,major_domestic,0,1240838,thriller,11,3,PG 15,0,10
황제를 위하여,2014-06-11,4754501771,592435,423,26736,etc_distributor,2,592435,action,2,3,X_rated,3,6
서부전선,2015-09-24,4751661400,609063,509,18935,major_domestic,0,609063,etc,1,2,PG 12,1,9
버닝,2018-05-17,4716771098,528435,739,26514,etc_distributor,2,528435,mystery,9,3,X_rated,3,5
마음이2,2010-07-21,4631432000,696382,262,20458,major_domestic,0,696382,etc,1,3,G_rated,2,7
극장판 헬로카봇 : 달나라를 구해줘!,2019-09-04,4579618150,590413,889,20852,major_domestic,0,613839,animation,6,3,G_rated,2,9
양자물리학,2019-09-25,4536436380,554939,799,25296,etc_distributor,2,554939,crime,5,3,PG 15,0,9
플랜맨,2014-01-09,4528561558,632299,458,20459,major_domestic,0,632299,comedy,0,2,PG 15,0,1
국제수사,2020-09-29,4496603760,537470,1074,41108,major_domestic,0,460403,action,2,3,PG 15,0,9
극장판 헬로카봇: 옴파로스 섬의 비밀,2019-01-31,4485953140,575362,752,15827,major_domestic,0,613839,animation,6,2,G_rated,2,1
"그날, 바다",2018-04-12,4446000528,540631,643,30376,etc_distributor,2,540631,etc,1,1,PG 15,0,4
미쓰GO,2012-06-21,4441859000,611685,440,24851,major_domestic,0,611685,comedy,0,3,PG 15,0,6
피에타,2012-09-06,4355592500,603283,326,23106,major_domestic,0,603283,drama,4,2,X_rated,3,9
PMC: 더 벙커,2018-12-26,4320591057,492517,893,23116,major_domestic,0,492517,action,2,2,PG 15,0,12
반가운 살인자,2010-04-08,4285830500,590531,264,29724,major_domestic,0,590531,comedy,0,6,PG 15,0,4
이층의 악당,2010-11-24,4271750500,596851,379,26998,etc_distributor,2,903270,comedy,0,2,PG 15,0,11
퀴즈왕,2010-09-16,4188846000,573001,321,23579,etc_distributor,2,628336,comedy,0,3,PG 15,0,9
마이 웨이,2011-12-21,4181348000,556628,588,22546,major_domestic,0,861204,drama,4,3,PG 15,0,12
몬스터,2014-03-13,4138207515,526557,527,25460,major_domestic,0,845717,action,2,2,PG 12,1,3
헬머니,2015-03-05,4120166972,522929,422,24846,major_domestic,0,522929,comedy,0,3,X_rated,3,3
변산,2018-07-04,4016562273,490519,763,27504,etc_distributor,2,1424759,drama,4,2,PG 15,0,7
파파,2012-02-01,4000072000,587291,414,24767,major_domestic,0,587291,etc,1,3,PG 12,1,2
사이코메트리,2013-03-07,3978495129,534273,429,23487,major_domestic,0,534273,drama,4,3,X_rated,3,3
7년의 밤,2018-03-28,3969337524,528007,872,26804,major_domestic,0,6423698,thriller,11,3,PG 15,0,3
라스트 갓파더,2010-12-29,3953691500,543544,493,8275,major_domestic,0,543544,comedy,0,3,PG 12,1,12
가려진 시간,2016-11-16,3946462400,510878,884,30404,major_domestic,0,510878,drama,4,3,PG 12,1,11
침묵,2017-11-02,3930219264,494097,634,23228,major_domestic,0,494097,drama,4,3,X_rated,3,11
챔프,2011-09-07,3850214500,534752,301,19668,major_domestic,0,4590240,drama,4,3,PG 12,1,9
동네사람들,2018-11-07,3818515112,461693,731,23598,etc_distributor,2,461693,action,2,2,PG 15,0,11
너는 펫,2011-11-10,3810103000,543313,341,24395,major_domestic,0,543313,romance,10,2,PG 12,1,11
해어화,2016-04-13,3768200759,485695,572,32322,major_domestic,0,458502,drama,4,3,PG 15,0,4
순수의 시대,2015-03-05,3740948828,469891,546,23623,major_domestic,0,469891,drama,4,3,X_rated,3,3
마담 뺑덕,2014-10-02,3728980590,471172,536,21636,major_domestic,0,471172,romance,10,3,X_rated,3,10
원더풀 고스트,2018-09-26,3720931600,450374,351,13999,etc_distributor,2,450374,comedy,0,3,PG 12,1,9
이웃사촌,2020-11-25,3647897960,424764,1363,65450,etc_distributor,2,4590240,drama,4,3,PG 12,1,11
카운트다운,2011-09-29,3630557000,471547,341,20958,major_domestic,0,471547,fear,12,3,PG 15,0,9
남자사용설명서,2013-02-14,3606654257,507913,372,17238,major_domestic,0,592272,romance,10,3,PG 15,0,2
계춘할망,2016-05-19,3600794348,482516,526,19644,etc_distributor,2,1662172,drama,4,2,PG 15,0,5
감쪽같은 그녀,2019-12-04,3594862790,469296,761,24843,etc_distributor,2,391624,drama,4,2,G_rated,2,12
위험한 상견례 2,2015-04-29,3575384754,472693,429,18409,major_domestic,0,1135495,romance,10,3,PG 15,0,4
불량남녀,2010-11-04,3562190000,483387,338,24441,major_domestic,0,483387,comedy,0,4,PG 15,0,11
소리도 없이,2020-10-15,3558905900,403424,1084,41127,etc_distributor,2,403424,crime,5,3,PG 15,0,10
소녀괴담,2014-07-02,3554806054,481696,455,19432,etc_distributor,2,481696,drama,4,2,PG 15,0,7
또 하나의 약속,2014-02-06,3533799400,497613,192,14847,etc_distributor,2,1174004,drama,4,3,PG 12,1,2
"로봇, 소리",2016-01-27,3519595560,476665,609,25502,major_domestic,0,476665,drama,4,3,PG 12,1,1
아부의 왕,2012-06-21,3511102500,497880,428,22060,major_domestic,0,497880,comedy,0,3,PG 15,0,6
강철비,2017-12-14,3494678900,438447,602,13598,major_domestic,0,2639183,drama,4,3,PG 15,0,12
조선미녀삼총사,2014-01-29,3471341321,480361,388,14031,major_domestic,0,480361,comedy,0,3,PG 12,1,1
페이스메이커,2012-01-18,3443753000,467697,412,21875,major_domestic,0,467697,drama,4,3,PG 12,1,1
나를 잊지 말아요,2016-01-07,3398915000,425799,559,19138,major_domestic,0,425799,romance,10,2,PG 15,0,1
무서운 이야기 2,2013-06-05,3393667500,495522,337,18509,major_domestic,0,379411,fear,12,3,PG 15,0,6
흥부: 글로 세상을 바꾼 자,2018-02-14,3381050200,416303,627,18671,major_domestic,0,1678389,drama,4,3,PG 12,1,2
"협녀, 칼의 기억",2015-08-13,3360045489,431310,572,16099,major_domestic,0,458502,action,2,3,PG 15,0,8
리얼,2017-06-28,3357312530,470105,970,25139,major_domestic,0,470105,crime,5,1,X_rated,3,6
반드시 잡는다,2017-11-29,3326439772,446780,565,24559,major_domestic,0,959726,thriller,11,2,PG 15,0,11
친정엄마,2010-04-22,3321091000,472009,275,24994,etc_distributor,2,472009,drama,4,2,G_rated,2,4
원라인,2017-03-29,3319035433,435048,613,20788,major_domestic,0,435048,crime,5,3,PG 15,0,3
캐치미,2013-12-18,3293262500,480434,517,16151,major_domestic,0,480434,comedy,0,2,PG 12,1,12
넛잡: 땅콩 도둑들,2014-01-29,3283691800,478993,382,10817,etc_distributor,2,478993,animation,6,3,G_rated,2,1
모비딕,2011-06-09,3264596000,430936,377,19894,major_domestic,0,896785,drama,4,3,PG 15,0,6
무뢰한,2015-05-27,3262207431,414641,482,23660,etc_distributor,2,414641,romance,10,3,X_rated,3,5
식객2 : 김치전쟁,2010-01-28,3243969500,462714,347,22753,major_domestic,0,462714,drama,4,3,G_rated,2,1
좋은 친구들,2014-07-10,3222101031,407228,371,17831,major_domestic,0,407228,crime,5,3,X_rated,3,7
터닝메카드W: 블랙미러의 부활,2017-01-18,3215588500,429933,570,14146,etc_distributor,2,429933,animation,6,3,G_rated,2,1
창수,2013-11-28,3146542000,429141,415,19471,etc_distributor,2,429141,etc,1,3,X_rated,3,11
조선마술사,2015-12-30,3143566733,403919,608,13708,major_domestic,0,1520119,drama,4,2,PG 12,1,12
극장판 공룡메카드: 타이니소어의 섬,2019-01-10,3140220420,410132,763,15121,major_domestic,0,613839,animation,6,3,G_rated,2,1
"그대, 고맙소 : 김호중 생애 첫 팬미팅 무비",2020-09-29,3129974000,102008,106,4771,etc_distributor,2,102008,etc,1,1,G_rated,2,9
넛잡 2,2017-10-03,3069388100,411787,526,10449,major_domestic,0,411787,animation,6,3,G_rated,2,10
신이 보낸 사람,2014-02-13,3068195600,424258,285,12684,etc_distributor,2,424258,drama,4,1,PG 15,0,2
사랑이 무서워,2011-03-10,3020062500,402876,290,21341,major_domestic,0,402876,romance,10,2,PG 15,0,3
노브레싱,2013-10-30,2991824739,451669,584,24912,etc_distributor,2,451669,drama,4,3,PG 15,0,10
보통사람,2017-03-23,2956397623,383336,621,19928,etc_distributor,2,460403,drama,4,2,PG 15,0,3
두 개의 달,2012-07-12,2949348748,426706,347,16810,major_domestic,0,426706,mystery,9,3,PG 15,0,7
티끌모아 로맨스,2011-11-10,2941601500,423915,323,19288,etc_distributor,2,423915,romance,10,2,PG 15,0,11
점박이 한반도의 공룡2 : 새로운 낙원,2018-12-25,2941541400,375312,672,6495,major_domestic,0,713082,animation,6,3,G_rated,2,12
나의 독재자,2014-10-30,2906674546,385932,654,24217,major_domestic,0,1174169,drama,4,2,PG 15,0,10
브링 더 소울 : 더 무비,2019-08-07,2902500310,336074,569,10199,major_abroad,1,260925,etc,1,3,G_rated,2,8
뽀로로 극장판 컴퓨터 왕국 대모험,2015-12-10,2902090600,391760,544,10893,major_domestic,0,661551,animation,6,3,G_rated,2,12
소수의견,2015-06-24,2892681205,383582,398,16273,etc_distributor,2,383582,drama,4,3,PG 15,0,6
대장 김창수,2017-10-19,2879121115,381483,748,21744,etc_distributor,2,1873097,drama,4,2,PG 12,1,10
늑대소년-확장판,2012-12-06,2868180500,414064,278,11436,major_domestic,0,2833113,romance,10,2,PG 15,0,12
내 심장을 쏴라,2015-01-28,2856859132,387409,452,20042,etc_distributor,2,387409,drama,4,2,PG 15,0,1
석조저택 살인사건,2017-05-09,2829106886,353517,539,17925,etc_distributor,2,353517,thriller,11,3,PG 15,0,5
오! 문희,2020-09-02,2802734600,351730,1110,52239,etc_distributor,2,8982706,comedy,0,2,PG 12,1,9
하이힐,2014-06-03,2750311500,341634,385,16750,major_domestic,0,628336,etc,1,3,X_rated,3,6
경성학교: 사라진 소녀들,2015-06-18,2749609100,356415,489,18520,major_domestic,0,2710049,mystery,9,3,PG 15,0,6
커플즈,2011-11-02,2705566500,360045,387,19564,etc_distributor,2,686134,comedy,0,3,PG 15,0,11
번 더 스테이지: 더 무비,2018-11-15,2671391900,315010,243,4714,major_abroad,1,260925,etc,1,3,G_rated,2,11
치외법권,2015-08-27,2664941005,346483,446,15297,etc_distributor,2,346483,action,2,2,PG 15,0,8
극적인 하룻밤,2015-12-03,2610567429,320884,434,18332,etc_distributor,2,320884,romance,10,3,X_rated,3,12
허스토리,2018-06-27,2521025949,336822,696,20406,major_domestic,0,1590719,drama,4,2,PG 12,1,6
미성년,2019-04-11,2494615950,293352,673,27314,major_domestic,0,293352,drama,4,3,PG 15,0,4
무서운 이야기,2012-07-25,2452368566,331760,274,10268,major_domestic,0,561357,fear,12,3,PG 15,0,7
위대한 소원,2016-04-21,2440004213,308398,524,22769,major_domestic,0,297725,comedy,0,3,PG 15,0,4
레드카펫,2014-10-23,2405669580,316953,385,17696,etc_distributor,2,316953,romance,10,2,PG 15,0,10
덕구,2018-04-05,2389041700,315663,544,19006,etc_distributor,2,315663,drama,4,2,G_rated,2,4
맨발의 꿈,2010-06-24,2372787500,331945,332,17790,major_domestic,0,2060633,drama,4,2,G_rated,2,6
남영동1985,2012-11-22,2358477601,332597,310,15679,etc_distributor,2,2087528,drama,4,2,PG 15,0,11
기방도령,2019-07-10,2330230190,287053,625,16652,etc_distributor,2,297725,comedy,0,3,PG 15,0,7
마이 블랙 미니드레스,2011-03-24,2318884500,313953,325,20166,major_domestic,0,391624,drama,4,3,PG 15,0,3
배심원들,2019-05-15,2306806090,288579,784,20271,etc_distributor,2,288579,drama,4,2,PG 12,1,5
세상에서 가장 아름다운 이별,2011-04-20,2296840000,316990,340,17456,major_domestic,0,1590719,drama,4,3,PG 15,0,4
혼숨,2016-10-26,2258422445,288016,498,14510,etc_distributor,2,288016,fear,12,2,PG 15,0,10
악질경찰,2019-03-20,2256615278,262233,833,22785,major_abroad,1,2347992,drama,4,3,X_rated,3,3
음치 클리닉,2012-11-29,2248238000,338168,360,16243,major_domestic,0,1135495,romance,10,2,PG 12,1,11
미나문방구,2013-05-16,2247017000,334323,385,16653,major_domestic,0,334323,drama,4,2,G_rated,2,5
도리화가,2015-11-25,2246950339,317505,563,19168,major_domestic,0,955734,drama,4,3,PG 12,1,11
대한민국 1%,2010-05-05,2244690500,440372,286,20352,major_domestic,0,440372,drama,4,3,PG 12,1,5
내가 죽던 날,2020-11-12,2135396020,233112,909,29390,major_abroad,1,233112,drama,4,3,PG 12,1,11
기묘한 가족,2019-02-13,2121514275,263598,625,15314,etc_distributor,2,263598,comedy,0,3,PG 12,1,2
다이노 타임,2015-04-30,2108596800,284900,430,6713,major_domestic,0,284900,animation,6,3,G_rated,2,4
함정,2015-09-10,2090877200,257990,445,10899,etc_distributor,2,257990,thriller,11,3,X_rated,3,9
개를 훔치는 완벽한 방법,2014-12-31,2019629065,263300,199,8008,etc_distributor,2,379411,drama,4,3,G_rated,2,12
롤러코스터,2013-10-17,1913087600,270148,374,14726,major_domestic,0,612913,comedy,0,2,PG 15,0,10
밤의 여왕,2013-10-17,1762892500,252475,333,13286,etc_distributor,2,252475,romance,10,2,PG 15,0,10
신비아파트 극장판 하늘도깨비 대 요르문간드,2019-12-19,1757416340,222234,539,8629,major_domestic,0,222234,animation,6,3,G_rated,2,12
적과의 동침,2011-04-27,1740340000,243094,391,14069,major_domestic,0,243094,thriller,11,2,X_rated,3,4
조제,2020-12-10,1673427570,186647,1179,38291,major_abroad,1,186647,animation,6,2,PG 12,1,12
사라진 시간,2020-06-18,1652522580,185802,874,20790,etc_distributor,2,185802,mystery,9,3,PG 15,0,6
마마,2011-06-01,1642407500,243209,269,12667,major_domestic,0,243209,drama,4,3,PG 15,0,6
검객,2020-09-23,1619781870,190237,832,21595,etc_distributor,2,190237,action,2,3,PG 15,0,9
기생충,2019-05-30,1576539450,227870,456,13536,major_domestic,0,4788931,drama,4,3,PG 15,0,5
"울지마, 톤즈",2010-09-09,1439624500,260998,73,8039,etc_distributor,2,260998,etc,1,2,G_rated,2,9
미스터트롯: 더 무비,2020-10-22,1288696100,150090,449,15980,etc_distributor,2,150090,etc,1,3,G_rated,2,10
브레이크 더 사일런스: 더 무비,2020-09-24,1160249000,131693,205,10604,etc_distributor,2,260925,etc,1,3,G_rated,2,9
디바,2020-09-23,901717350,108122,831,18923,etc_distributor,2,108122,thriller,11,2,PG 15,0,9
기기괴괴 성형수,2020-09-09,873204560,103426,276,13517,etc_distributor,2,103426,fear,12,3,PG 15,0,9
죽지않는 인간들의 밤,2020-09-29,852639440,104034,570,12667,etc_distributor,2,528858,comedy,0,3,PG 15,0,9
저 산 너머,2020-04-30,772685300,103534,468,13037,etc_distributor,2,103534,drama,4,3,PG 12,1,4
소리꾼,2020-07-01,670872680,82600,573,13997,etc_distributor,2,1834886,drama,4,3,PG 12,1,7
극장판 미니특공대: 공룡왕 디노,2020-02-06,620860720,79772,485,6333,etc_distributor,2,79772,animation,6,3,G_rated,2,2
호텔 레이크,2020-04-29,598748200,71324,465,9682,etc_distributor,2,71324,fear,12,3,PG 15,0,4
